,City,Year,Total Murders,Unsolved Murders,Unsolved Murder %,% Total Asian,% Unsolved Asian,% Total Black,% Unsolved Black,% Total Hispanic,% Unsolved Hispanic,% Total White,% Unsolved White,% Total Other,% Unsolved Other,% Total Unknown,% Unsolved Unknown
0,Albuquerque,2010,47.0,16.0,0.3404255319148936,0.020512820512820513,1.0,0.08205128205128205,,0.38974358974358975,0.2631578947368421,0.3487179487179487,0.5294117647058824,0.12307692307692308,0.16666666666666666,0.0,
0,Albuquerque,2011,40.0,12.0,0.3,0.0,,0.14574898785425103,0.5,0.38866396761133604,0.4375,0.31578947368421056,0.15384615384615385,0.12145748987854252,,0.0,
0,Albuquerque,2012,48.0,15.0,0.3125,0.0,,0.1003344481605351,0.6,0.3812709030100334,0.15789473684210525,0.3010033444816053,0.4666666666666667,0.1605351170568562,0.25,0.020066889632107024,
0,Albuquerque,2013,35.0,18.0,0.5142857142857142,0.0,,0.11188811188811189,0.25,0.4195804195804196,0.6666666666666666,0.36363636363636365,0.5384615384615384,0.08391608391608392,,0.0,
0,Albuquerque,2014,29.0,9.0,0.3103448275862069,0.0,,0.26373626373626374,0.25,0.0,,0.4945054945054945,0.3333333333333333,0.19780219780219782,0.3333333333333333,0.0,
0,Albuquerque,2015,52.0,22.0,0.4230769230769231,0.0,,0.07384615384615385,0.75,0.036923076923076927,1.0,0.5907692307692308,0.3125,0.11076923076923077,0.5,0.1476923076923077,0.5
0,Albuquerque,2016,66.0,26.0,0.3939393939393939,0.07326007326007326,1.0,0.029304029304029304,0.5,0.0,,0.6886446886446886,0.2978723404255319,0.08791208791208792,0.5,0.08791208791208792,0.5
0,Albuquerque,2017,80.0,39.0,0.4875,0.0,,0.012307692307692308,1.0,0.012307692307692308,,0.024615384615384615,0.5,0.012307692307692308,1.0,0.9230769230769231,0.48
0,Atlanta,2007,137.0,67.0,0.48905109489051096,0.0,,0.8649303452453058,0.4957983193277311,0.03634161114476075,0.8,0.09448818897637795,0.3076923076923077,0.0,,0.0,
0,Atlanta,2008,112.0,38.0,0.3392857142857143,0.0,,0.8615384615384616,0.30612244897959184,0.07912087912087912,0.4444444444444444,0.04395604395604396,0.8,0.0,,0.0,
0,Atlanta,2009,85.0,32.0,0.3764705882352941,0.0,,0.8769230769230769,0.3815789473684211,0.011538461538461537,1.0,0.06923076923076922,0.16666666666666666,0.023076923076923075,0.5,0.0,
0,Atlanta,2010,99.0,37.0,0.37373737373737376,0.019851116625310174,,0.8635235732009926,0.40229885057471265,0.019851116625310174,,0.0794044665012407,0.25,0.0,,0.0,
0,Atlanta,2011,95.0,33.0,0.3473684210526316,0.0,,0.9755244755244755,0.34408602150537637,0.01048951048951049,1.0,0.01048951048951049,,0.0,,0.0,
0,Atlanta,2012,89.0,24.0,0.2696629213483146,0.011121408711770158,1.0,0.923076923076923,0.25301204819277107,0.0,,0.04448563484708063,0.25,0.011121408711770158,1.0,0.0,
0,Atlanta,2013,89.0,28.0,0.3146067415730337,0.011121408711770158,,0.8674698795180722,0.28205128205128205,0.0,,0.11121408711770157,0.6,0.0,,0.0,
0,Atlanta,2014,100.0,46.0,0.46,0.0,,0.913151364764268,0.4673913043478261,0.009925558312655087,1.0,0.05955334987593052,0.3333333333333333,0.009925558312655087,,0.0,
0,Atlanta,2015,102.0,31.0,0.30392156862745096,0.0,,0.9425101214574898,0.31958762886597936,0.0,,0.048582995951417005,,0.0,,0.0,
0,Atlanta,2016,119.0,56.0,0.47058823529411764,0.0,,0.9480249480249481,0.47368421052631576,0.008316008316008316,,0.033264033264033266,0.5,0.0,,0.0,
0,Atlanta,2017,16.0,11.0,0.6875,0.0,,0.9846153846153847,0.6875,0.0,,0.0,,0.0,,0.0,
0,Baltimore,2007,302.0,177.0,0.5860927152317881,0.0,,0.9263736263736264,0.594306049822064,0.013186813186813187,0.5,0.046153846153846156,0.42857142857142855,0.009890109890109891,0.6666666666666666,0.0,
0,Baltimore,2008,252.0,150.0,0.5952380952380952,0.0,,0.903353057199211,0.6026200873362445,0.023668639053254437,0.5,0.0631163708086785,0.5,0.0039447731755424065,1.0,0.0,
0,Baltimore,2009,254.0,143.0,0.562992125984252,0.007822685788787484,,0.8761408083441982,0.6071428571428571,0.03129074315514994,0.25,0.07822685788787484,0.25,0.0,,0.0,
0,Baltimore,2010,237.0,137.0,0.5780590717299579,0.0,,0.9020979020979021,0.6186046511627907,0.025174825174825173,0.3333333333333333,0.06293706293706293,0.13333333333333333,0.004195804195804196,,0.0,
0,Baltimore,2011,212.0,130.0,0.6132075471698113,0.0093713393205779,0.5,0.9277625927372121,0.6161616161616161,0.03279968762202265,0.7142857142857143,0.02342834830144475,0.4,0.0,,0.0,
0,Baltimore,2012,233.0,141.0,0.6051502145922747,0.008547008547008548,,0.9444444444444444,0.6153846153846154,0.004273504273504274,1.0,0.038461538461538464,0.4444444444444444,0.0,,0.0,
0,Baltimore,2013,249.0,151.0,0.606425702811245,0.0,,0.9470529470529471,0.6286919831223629,0.007992007992007992,,0.03996003996003996,0.2,0.0,,0.0,
0,Baltimore,2014,226.0,134.0,0.5929203539823009,0.008749544294567991,0.5,0.8837039737513671,0.6039603960396039,0.04812249362012395,0.5454545454545454,0.04812249362012395,0.45454545454545453,0.0,,0.0,
0,Baltimore,2015,369.0,276.0,0.7479674796747967,0.002699055330634278,1.0,0.9230769230769231,0.7456140350877193,0.010796221322537112,1.0,0.05668016194331984,0.7142857142857143,0.002699055330634278,1.0,0.0,
0,Baltimore,2016,346.0,269.0,0.7774566473988439,0.0,,0.9375,0.796923076923077,0.011538461538461537,0.75,0.04903846153846154,0.4117647058823529,0.0,,0.0,
0,Baltimore,2017,367.0,268.0,0.7302452316076294,0.005429864253393666,0.5,0.9067873303167421,0.7425149700598802,0.010859728506787332,0.5,0.07330316742081448,0.6296296296296297,0.0,,0.0,
0,Baton Rouge,2011,68.0,34.0,0.5,0.0,,0.9086538461538463,0.47619047619047616,0.014423076923076924,1.0,0.057692307692307696,0.75,0.0,,0.0,
0,Baton Rouge,2012,71.0,26.0,0.36619718309859156,0.0,,0.8679678530424799,0.36507936507936506,0.027554535017221587,0.5,0.08266360505166476,0.3333333333333333,0.0,,0.0,
0,Baton Rouge,2013,52.0,20.0,0.38461538461538464,0.0,,0.8665620094191523,0.41304347826086957,0.018838304552590265,,0.09419152276295133,0.2,0.0,,0.0,
0,Baton Rouge,2014,56.0,21.0,0.375,0.0,,0.923076923076923,0.38461538461538464,0.01775147928994083,1.0,0.03550295857988166,,0.01775147928994083,,0.0,
0,Baton Rouge,2015,65.0,36.0,0.5538461538461539,0.0,,0.862547288776797,0.6140350877192983,0.030264817150063055,0.5,0.09079445145018916,,0.0,,0.0,
0,Baton Rouge,2016,47.0,24.0,0.5106382978723404,0.0,,0.8181818181818182,0.46153846153846156,0.02097902097902098,,0.14685314685314685,0.8571428571428571,0.0,,0.0,
0,Baton Rouge,2017,93.0,50.0,0.5376344086021505,0.010610079575596816,,0.8806366047745358,0.5903614457831325,0.03183023872679045,0.3333333333333333,0.05305039787798409,,0.010610079575596816,,0.0,
0,Birmingham,2007,98.0,50.0,0.5102040816326531,0.0,,0.7625418060200668,0.4605263157894737,0.030100334448160532,1.0,0.1806020066889632,0.6111111111111112,0.010033444816053512,1.0,0.0,
0,Birmingham,2008,87.0,37.0,0.42528735632183906,0.0,,0.8888888888888888,0.4230769230769231,0.03418803418803419,0.6666666666666666,0.05698005698005698,0.4,0.011396011396011397,,0.0,
0,Birmingham,2009,69.0,28.0,0.4057971014492754,0.0,,0.8804733727810651,0.41935483870967744,0.04260355029585799,0.3333333333333333,0.05680473372781065,0.25,0.0,,0.0,
0,Birmingham,2010,62.0,22.0,0.3548387096774194,0.0,,0.8594164456233422,0.37037037037037035,0.0636604774535809,,0.03183023872679045,,0.03183023872679045,1.0,0.0,
0,Birmingham,2011,57.0,20.0,0.3508771929824561,0.0,,0.8376068376068376,0.3673469387755102,0.017094017094017096,,0.10256410256410256,0.3333333333333333,0.0,,0.017094017094017096,
0,Birmingham,2012,73.0,38.0,0.5205479452054794,0.0,,0.923076923076923,0.5,0.0,,0.04072398190045248,1.0,0.013574660633484162,,0.013574660633484162,1.0
0,Birmingham,2013,68.0,31.0,0.45588235294117646,0.0,,0.8653846153846154,0.4166666666666667,0.0,,0.11538461538461539,0.75,0.0,,0.0,
0,Birmingham,2014,55.0,19.0,0.34545454545454546,0.0,,0.8165680473372781,0.34782608695652173,0.01775147928994083,1.0,0.14201183431952663,0.25,0.0,,0.0,
0,Birmingham,2015,83.0,36.0,0.43373493975903615,0.0,,0.8994082840236687,0.39473684210526316,0.03550295857988166,1.0,0.047337278106508875,0.75,0.0,,0.0,
0,Birmingham,2016,96.0,34.0,0.3541666666666667,0.0,,0.9025641025641026,0.375,0.03076923076923077,0.3333333333333333,0.05128205128205128,,0.0,,0.0,
0,Birmingham,2017,105.0,57.0,0.5428571428571428,0.0,,0.9513343799058084,0.5544554455445545,0.0,,0.028257456828885398,0.3333333333333333,0.0,,0.009419152276295133,
0,Boston,2007,70.0,35.0,0.5,0.0,,0.7692307692307693,0.5636363636363636,0.1258741258741259,0.4444444444444444,0.08391608391608392,,0.0,,0.0,
0,Boston,2008,70.0,45.0,0.6428571428571429,0.013986013986013986,,0.6853146853146853,0.7142857142857143,0.1958041958041958,0.7142857142857143,0.08391608391608392,,0.0,,0.0,
0,Boston,2009,52.0,23.0,0.4423076923076923,0.018838304552590265,,0.640502354788069,0.4411764705882353,0.24489795918367346,0.38461538461538464,0.056514913657770796,0.6666666666666666,0.0,,0.018838304552590265,1.0
0,Boston,2010,79.0,42.0,0.5316455696202531,0.012474012474012473,,0.7234927234927234,0.6379310344827587,0.19958419958419957,0.3125,0.03742203742203742,,0.012474012474012473,,0.0,
0,Boston,2011,68.0,37.0,0.5441176470588235,0.0,,0.7067307692307693,0.673469387755102,0.1875,0.3076923076923077,0.08653846153846155,,0.0,,0.0,
0,Boston,2012,62.0,24.0,0.3870967741935484,0.01564537157757497,,0.6571056062581486,0.4523809523809524,0.17209908735332466,0.2727272727272727,0.10951760104302477,0.14285714285714285,0.01564537157757497,1.0,0.0,
0,Boston,2013,44.0,21.0,0.4772727272727273,0.0,,0.6373626373626373,0.6206896551724138,0.1978021978021978,0.2222222222222222,0.13186813186813187,0.16666666666666666,0.0,,0.0,
0,Boston,2014,58.0,28.0,0.4827586206896552,0.0,,0.5874125874125874,0.5142857142857142,0.2517482517482517,0.6,0.13426573426573427,0.125,0.0,,0.0,
0,Boston,2015,41.0,20.0,0.4878048780487805,0.023668639053254437,,0.6863905325443787,0.5172413793103449,0.1893491124260355,0.625,0.07100591715976332,,0.0,,0.0,
0,Boston,2016,49.0,27.0,0.5510204081632653,0.0,,0.822742474916388,0.6097560975609756,0.0802675585284281,0.5,0.0802675585284281,,0.0,,0.0,
0,Boston,2017,57.0,34.0,0.5964912280701754,0.017094017094017096,1.0,0.7692307692307693,0.6444444444444445,0.10256410256410256,0.5,0.08547008547008547,0.2,0.0,,0.0,
0,Buffalo,2007,59.0,27.0,0.4576271186440678,0.0,,0.7747252747252747,0.425531914893617,0.016483516483516484,,0.1813186813186813,0.6363636363636364,0.0,,0.0,
0,Buffalo,2008,39.0,24.0,0.6153846153846154,0.0,,0.7733887733887733,0.7419354838709677,0.04989604989604989,0.5,0.14968814968814967,,0.0,,0.0,
0,Buffalo,2009,64.0,35.0,0.546875,0.0,,0.7263556116015133,0.5208333333333334,0.12105926860025222,0.5,0.12105926860025222,0.75,0.0,,0.0,
0,Buffalo,2010,58.0,33.0,0.5689655172413793,0.0,,0.8888888888888888,0.5961538461538461,0.03418803418803419,0.5,0.06837606837606838,0.25,0.0,,0.0,
0,Buffalo,2011,38.0,21.0,0.5526315789473685,0.02564102564102564,1.0,0.7692307692307693,0.6333333333333333,0.07692307692307693,0.3333333333333333,0.07692307692307693,,0.02564102564102564,,0.0,
0,Buffalo,2012,53.0,35.0,0.660377358490566,0.018461538461538463,,0.8492307692307692,0.6739130434782609,0.055384615384615386,0.6666666666666666,0.036923076923076927,0.5,0.0,,0.018461538461538463,1.0
0,Buffalo,2013,50.0,34.0,0.68,0.0,,0.8052373158756138,0.7560975609756098,0.07855973813420622,0.25,0.09819967266775778,0.4,0.0,,0.0,
0,Buffalo,2014,67.0,46.0,0.6865671641791045,0.0,,0.8205128205128205,0.7678571428571429,0.05860805860805861,0.25,0.08791208791208792,0.16666666666666666,0.0,,0.014652014652014652,1.0
0,Buffalo,2015,43.0,24.0,0.5581395348837209,0.0,,0.7879924953095685,0.6,0.0900562851782364,0.75,0.0900562851782364,,0.0,,0.0,
0,Buffalo,2016,48.0,34.0,0.7083333333333334,0.0,,0.8205128205128205,0.75,0.041025641025641026,0.5,0.10256410256410256,0.4,0.020512820512820513,1.0,0.0,
0,Buffalo,2017,33.0,30.0,0.9090909090909091,0.0,,0.8635235732009925,0.9310344827586207,0.08933002481389578,0.6666666666666666,0.029776674937965257,1.0,0.0,,0.0,
0,Charlotte,2007,76.0,36.0,0.47368421052631576,0.01282051282051282,1.0,0.6282051282051282,0.4489795918367347,0.16666666666666666,0.6923076923076923,0.1282051282051282,0.2,0.02564102564102564,0.5,0.01282051282051282,1.0
0,Charlotte,2008,89.0,38.0,0.42696629213483145,0.0,,0.6005560704355885,0.4074074074074074,0.17794253938832252,0.375,0.15569972196478218,0.35714285714285715,0.011121408711770158,1.0,0.04448563484708063,1.0
0,Charlotte,2009,58.0,13.0,0.22413793103448276,0.016783216783216783,1.0,0.772027972027972,0.21739130434782608,0.11748251748251748,0.2857142857142857,0.06713286713286713,,0.0,,0.0,
0,Charlotte,2010,64.0,14.0,0.21875,0.0,,0.7414880201765448,0.20408163265306123,0.10592686002522068,0.2857142857142857,0.12105926860025222,0.25,0.0,,0.0,
0,Charlotte,2011,59.0,10.0,0.1694915254237288,0.0,,0.5604395604395604,0.14705882352941177,0.1813186813186813,0.18181818181818182,0.2142857142857143,0.15384615384615385,0.016483516483516484,1.0,0.0,
0,Charlotte,2012,53.0,13.0,0.24528301886792453,0.0,,0.669683257918552,0.21621621621621623,0.09049773755656108,0.6,0.18099547511312217,0.2,0.01809954751131222,,0.0,
0,Charlotte,2013,57.0,16.0,0.2807017543859649,0.0,,0.7692307692307693,0.3111111111111111,0.11965811965811966,0.2857142857142857,0.08547008547008547,,0.0,,0.0,
0,Charlotte,2014,44.0,10.0,0.22727272727272727,0.02197802197802198,,0.7252747252747253,0.15151515151515152,0.08791208791208792,0.5,0.10989010989010989,0.4,0.0,,0.02197802197802198,1.0
0,Charlotte,2015,63.0,19.0,0.30158730158730157,0.0,,0.7230769230769231,0.3191489361702128,0.07692307692307693,0.2,0.16923076923076924,0.2727272727272727,0.0,,0.0,
0,Charlotte,2016,72.0,21.0,0.2916666666666667,0.013574660633484162,1.0,0.7873303167420814,0.29310344827586204,0.027149321266968323,,0.13574660633484162,0.2,0.0,,0.013574660633484162,1.0
0,Charlotte,2017,90.0,29.0,0.32222222222222224,0.0,,0.7384615384615385,0.29411764705882354,0.09773755656108597,0.6666666666666666,0.1085972850678733,0.2,0.021719457013574663,,0.010859728506787332,1.0
0,Chicago,2007,481.0,299.0,0.6216216216216216,0.00414866032843561,,0.755056179775281,0.6373626373626373,0.1783923941227312,0.6395348837209303,0.06015557476231634,0.41379310344827586,0.0,,0.0,
0,Chicago,2008,551.0,346.0,0.6279491833030852,0.005429864253393665,,0.7221719457013575,0.5964912280701754,0.22081447963800904,0.7704918032786885,0.048868778280542986,0.5185185185185185,0.0,,0.0,
0,Chicago,2009,493.0,327.0,0.6632860040567952,0.008079447904393201,0.75,0.7493687931324693,0.6684636118598383,0.2040060595859283,0.6336633663366337,0.032317791617572804,0.6875,0.0020198619760983002,1.0,0.0,
0,Chicago,2010,468.0,323.0,0.6901709401709402,0.0021269053527118043,,0.7656859269762495,0.7055555555555556,0.18504076568592698,0.6896551724137931,0.042538107054236086,0.45,0.0,,0.0,
0,Chicago,2011,472.0,329.0,0.6970338983050848,0.004224608343601478,1.0,0.7498679809892624,0.7014084507042253,0.19221967963386727,0.6813186813186813,0.044358387607815526,0.6190476190476191,0.002112304171800739,1.0,0.004224608343601478,1.0
0,Chicago,2012,545.0,399.0,0.7321100917431193,0.009139375476009138,1.0,0.753084539223153,0.7451456310679612,0.16999238385376997,0.7634408602150538,0.060319878141660316,0.45454545454545453,0.0018278750952018278,,0.0018278750952018278,1.0
0,Chicago,2013,456.0,313.0,0.6864035087719298,0.0,,0.7834151663938898,0.7103064066852368,0.18330605564648117,0.6071428571428571,0.024004364429896344,0.5454545454545454,0.00436442989634479,0.5,0.0,
0,Chicago,2014,451.0,318.0,0.70509977827051,0.008833271991166729,0.75,0.770702981229297,0.7077363896848138,0.15237394184762607,0.7246376811594203,0.06404122193595878,0.6206896551724138,0.0,,0.0,
0,Chicago,2015,525.0,396.0,0.7542857142857143,0.0018954351603222238,1.0,0.7847101563734007,0.7753623188405797,0.161111988627389,0.6941176470588235,0.041699573527088925,0.5909090909090909,0.0018954351603222238,,0.0037908703206444476,1.0
0,Chicago,2016,828.0,711.0,0.8586956521739131,0.0024132730015082957,0.5,0.7843137254901961,0.8676923076923077,0.16048265460030167,0.8345864661654135,0.04947209653092006,0.8048780487804879,0.0012066365007541479,1.0,0.0012066365007541479,1.0
0,Chicago,2017,706.0,647.0,0.9164305949008499,0.0014114326040931546,1.0,0.7988708539167255,0.9204946996466431,0.16231474947071278,0.9217391304347826,0.032462949894142556,0.782608695652174,0.0,,0.0014114326040931546,1.0
0,Cincinnati,2007,71.0,27.0,0.38028169014084506,0.0,,0.8404133180252584,0.39344262295081966,0.013777267508610793,1.0,0.12399540757749714,0.2222222222222222,0.0,,0.0,
0,Cincinnati,2008,81.0,32.0,0.3950617283950617,0.0,,0.7408906882591093,0.47540983606557374,0.024291497975708502,,0.20647773279352227,0.11764705882352941,0.012145748987854251,1.0,0.0,
0,Cincinnati,2009,60.0,25.0,0.4166666666666667,0.0,,0.9230769230769231,0.42857142857142855,0.0,,0.049450549450549455,0.3333333333333333,0.016483516483516484,,0.0,
0,Cincinnati,2010,74.0,24.0,0.32432432432432434,0.0,,0.8307692307692308,0.3333333333333333,0.0,,0.14505494505494507,0.2727272727272727,0.0,,0.0,
0,Cincinnati,2011,71.0,33.0,0.4647887323943662,0.0,,0.965034965034965,0.4782608695652174,0.0,,0.027972027972027972,,0.0,,0.0,
0,Cincinnati,2012,56.0,22.0,0.39285714285714285,0.0,,0.8359941944847605,0.4166666666666667,0.0,,0.12191582002902758,0.2857142857142857,0.01741654571843251,,0.0,
0,Cincinnati,2013,80.0,41.0,0.5125,0.0,,0.8738461538461538,0.5633802816901409,0.0,,0.08615384615384615,,0.012307692307692308,1.0,0.012307692307692308,
0,Cincinnati,2014,66.0,33.0,0.5,0.0,,0.8635235732009925,0.5,0.014888337468982629,1.0,0.08933002481389578,0.3333333333333333,0.014888337468982629,1.0,0.0,
0,Cincinnati,2015,38.0,17.0,0.4473684210526316,0.02564102564102564,1.0,0.8461538461538461,0.45454545454545453,0.0,,0.10256410256410256,0.25,0.0,,0.0,
0,Cincinnati,2016,66.0,40.0,0.6060606060606061,0.0,,0.7295285359801489,0.673469387755102,0.014888337468982629,1.0,0.20843672456575682,0.35714285714285715,0.029776674937965257,0.5,0.0,
0,Cincinnati,2017,76.0,38.0,0.5,0.0,,0.8060671722643553,0.532258064516129,0.0,,0.16901408450704225,0.3076923076923077,0.013001083423618633,1.0,0.0,
0,Columbus,2007,84.0,39.0,0.4642857142857143,0.0,,0.6893865628042843,0.5084745762711864,0.011684518013631939,1.0,0.25705939629990265,0.36363636363636365,0.023369036027263878,,0.0,
0,Columbus,2008,116.0,70.0,0.603448275862069,0.0,,0.7008547008547008,0.6097560975609756,0.03418803418803419,0.5,0.23931623931623933,0.6071428571428571,0.017094017094017096,0.5,0.0,
0,Columbus,2009,90.0,44.0,0.4888888888888889,0.0,,0.6263736263736264,0.43859649122807015,0.04395604395604396,0.25,0.31868131868131866,0.6206896551724138,0.0,,0.0,
0,Columbus,2010,113.0,45.0,0.39823008849557523,0.0,,0.7032967032967034,0.3125,0.026373626373626374,0.6666666666666666,0.24615384615384617,0.6071428571428571,0.017582417582417582,0.5,0.0,
0,Columbus,2011,96.0,58.0,0.6041666666666666,0.0,,0.676923076923077,0.6818181818181818,0.041025641025641026,0.25,0.22564102564102564,0.4090909090909091,0.03076923076923077,0.6666666666666666,0.010256410256410256,1.0
0,Columbus,2012,96.0,62.0,0.6458333333333334,0.0,,0.717948717948718,0.7142857142857143,0.03076923076923077,0.6666666666666666,0.2358974358974359,0.43478260869565216,0.0,,0.0,
0,Columbus,2013,100.0,50.0,0.5,0.009925558312655087,,0.6947890818858561,0.5571428571428572,0.009925558312655087,,0.25806451612903225,0.38461538461538464,0.019851116625310174,0.5,0.0,
0,Columbus,2014,97.0,50.0,0.5154639175257731,0.0,,0.7404902789518174,0.5342465753424658,0.02028740490278952,0.5,0.2028740490278952,0.45,0.02028740490278952,0.5,0.0,
0,Columbus,2015,107.0,54.0,0.5046728971962616,0.0,,0.6553846153846155,0.5070422535211268,0.07384615384615385,1.0,0.24000000000000002,0.38461538461538464,0.018461538461538463,,0.0,
0,Columbus,2016,111.0,50.0,0.45045045045045046,0.0,,0.7366863905325444,0.4578313253012048,0.03550295857988166,0.75,0.21301775147928992,0.375,0.0,,0.0,
0,Columbus,2017,151.0,101.0,0.6688741721854304,0.0,,0.7714285714285715,0.7008547008547008,0.019780219780219783,0.3333333333333333,0.17802197802197803,0.5925925925925926,0.026373626373626374,0.5,0.0,
0,Dallas,2007,210.0,108.0,0.5142857142857142,0.0,,0.0,,0.0,,0.0,,0.0,,0.9992069785884219,0.5142857142857142
0,Dallas,2008,182.0,77.0,0.4230769230769231,0.0,,0.0,,0.0,,0.0,,0.0,,1.0,0.4230769230769231
0,Dallas,2009,177.0,90.0,0.5084745762711864,0.0,,0.0,,0.0,,0.0,,0.0,,0.9962476547842402,0.5084745762711864
0,Dallas,2010,159.0,65.0,0.4088050314465409,0.0,,0.0,,0.0,,0.0,,0.0,,0.9984301412872841,0.4088050314465409
0,Dallas,2011,146.0,71.0,0.4863013698630137,0.0,,0.0,,0.0,,0.0,,0.0,,0.9982905982905983,0.4863013698630137
0,Dallas,2012,163.0,76.0,0.4662576687116564,0.0,,0.0,,0.0,,0.0,,0.0,,0.9964340295466123,0.4662576687116564
0,Dallas,2013,150.0,66.0,0.44,0.0,,0.0,,0.0,,0.0,,0.0,,0.996126175982291,0.44
0,Dallas,2014,131.0,75.0,0.5725190839694656,0.0,,0.0,,0.0,,0.0,,0.0,,0.9993642720915448,0.5725190839694656
0,Dallas,2015,141.0,61.0,0.4326241134751773,0.0,,0.0,,0.0,,0.0,,0.0,,0.9935408103347035,0.4326241134751773
0,Dallas,2016,186.0,102.0,0.5483870967741935,0.0,,0.0,,0.0,,0.0,,0.0,,0.998211091234347,0.5483870967741935
0,Dallas,2017,48.0,27.0,0.5625,0.0,,0.0,,0.0,,0.0,,0.0,,0.9846153846153847,0.5625
0,Denver,2010,40.0,22.0,0.55,0.024291497975708502,,0.3400809716599191,0.6428571428571429,0.3400809716599191,0.5,0.24291497975708504,0.6,0.024291497975708502,,0.0,
0,Denver,2011,46.0,21.0,0.45652173913043476,0.0,,0.36493738819320215,0.6470588235294118,0.30053667262969586,0.2857142857142857,0.30053667262969586,0.35714285714285715,0.02146690518783542,1.0,0.0,
0,Denver,2012,42.0,19.0,0.4523809523809524,0.023076923076923075,,0.32307692307692304,0.35714285714285715,0.25384615384615383,0.6363636363636364,0.3692307692307692,0.4375,0.0,,0.0,
0,Denver,2013,45.0,26.0,0.5777777777777777,0.02197802197802198,,0.2857142857142857,0.6153846153846154,0.3516483516483517,0.6875,0.3076923076923077,0.5,0.02197802197802198,,0.0,
0,Denver,2014,31.0,20.0,0.6451612903225806,0.029776674937965257,,0.2679900744416873,0.7777777777777778,0.2977667493796526,0.8,0.2977667493796526,0.4,0.029776674937965257,1.0,0.0,
0,Denver,2015,57.0,33.0,0.5789473684210527,0.0,,0.5399129172714079,0.5806451612903226,0.22641509433962265,0.7692307692307693,0.22641509433962265,0.38461538461538464,0.0,,0.0,
0,Denver,2016,60.0,39.0,0.65,0.016194331983805668,1.0,0.340080971659919,0.6666666666666666,0.3076923076923077,0.6842105263157895,0.291497975708502,0.6111111111111112,0.016194331983805668,,0.0,
0,Denver,2017,8.0,5.0,0.625,0.0,,0.11538461538461539,1.0,0.23076923076923078,0.5,0.576923076923077,0.6,0.0,,0.0,
0,Detroit,2010,334.0,220.0,0.6586826347305389,0.011910669975186104,1.0,0.8754342431761787,0.6598639455782312,0.020843672456575684,0.5714285714285714,0.08635235732009926,0.6206896551724138,0.0,,0.0,
0,Detroit,2011,373.0,248.0,0.6648793565683646,0.002667852378835038,,0.8910626945309027,0.6796407185628742,0.02667852378835038,0.6,0.07469986660738107,0.5357142857142857,0.0,,0.0,
0,Detroit,2012,416.0,267.0,0.6418269230769231,0.007174172977281785,0.3333333333333333,0.8872060581905141,0.6576819407008087,0.02630530091669988,0.7272727272727273,0.07174172977281786,0.43333333333333335,0.0023913909924272616,1.0,0.0,
0,Detroit,2013,364.0,229.0,0.6291208791208791,0.002739100661949327,1.0,0.8737731111618352,0.6426332288401254,0.03560830860534125,0.46153846153846156,0.0821730198584798,0.5333333333333333,0.002739100661949327,1.0,0.0,
0,Detroit,2014,318.0,154.0,0.48427672955974843,0.0,,0.9010989010989011,0.49477351916376305,0.006279434850863423,0.5,0.09105180533751962,0.3793103448275862,0.0,,0.0,
0,Detroit,2015,302.0,153.0,0.5066225165562914,0.0,,0.9197802197802198,0.5053763440860215,0.0032967032967032967,1.0,0.07252747252747253,0.5,0.0,,0.0,
0,Detroit,2016,324.0,183.0,0.5648148148148148,0.0,,0.8861538461538462,0.5729166666666666,0.0,,0.10153846153846154,0.45454545454545453,0.003076923076923077,1.0,0.006153846153846154,1.0
0,Detroit,2017,287.0,150.0,0.5226480836236934,0.0,,0.9022556390977443,0.5307692307692308,0.010410641989589357,0.3333333333333333,0.07634470792365529,0.4090909090909091,0.006940427993059572,1.0,0.0,
0,Durham,2007,27.0,2.0,0.07407407407407407,0.0,,0.8165680473372781,0.08695652173913043,0.07100591715976332,,0.07100591715976332,,0.0,,0.0,
0,Durham,2008,25.0,8.0,0.32,0.0,,0.7692307692307693,0.3,0.15384615384615385,0.5,0.0,,0.038461538461538464,,0.0,
0,Durham,2009,23.0,11.0,0.4782608695652174,0.0,,0.6293706293706294,0.4,0.2517482517482518,0.6666666666666666,0.08391608391608392,0.5,0.0,,0.0,
0,Durham,2010,24.0,10.0,0.4166666666666667,0.0,,0.5618729096989966,0.42857142857142855,0.3210702341137124,0.25,0.0802675585284281,1.0,0.0,,0.0,
0,Durham,2011,28.0,11.0,0.39285714285714285,0.0,,0.717948717948718,0.3333333333333333,0.17094017094017094,0.8,0.06837606837606838,,0.0,,0.0,
0,Durham,2012,22.0,4.0,0.18181818181818182,0.0,,0.5714285714285714,0.23076923076923078,0.26373626373626374,,0.13186813186813187,0.3333333333333333,0.0,,0.0,
0,Durham,2013,30.0,12.0,0.4,0.0,,0.8901098901098902,0.37037037037037035,0.09890109890109891,0.6666666666666666,0.0,,0.0,,0.0,
0,Durham,2014,25.0,9.0,0.36,0.0,,0.7307692307692307,0.3157894736842105,0.11538461538461539,1.0,0.11538461538461539,,0.0,,0.0,
0,Durham,2015,39.0,15.0,0.38461538461538464,0.0,,0.6985446985446985,0.39285714285714285,0.07484407484407483,0.6666666666666666,0.19958419958419957,0.25,0.0,,0.0,
0,Durham,2016,42.0,21.0,0.5,0.0,,0.8076923076923076,0.5142857142857142,0.0923076923076923,0.25,0.06923076923076922,0.6666666666666666,0.0,,0.0,
0,Durham,2017,4.0,4.0,1.0,0.0,,0.46153846153846156,1.0,0.23076923076923078,1.0,0.23076923076923078,1.0,0.0,,0.0,
0,Fort Worth,2007,62.0,26.0,0.41935483870967744,0.0,,0.493368700265252,0.5161290322580645,0.2546419098143236,0.125,0.23872679045092837,0.5333333333333333,0.0,,0.0,
0,Fort Worth,2008,51.0,20.0,0.39215686274509803,0.0,,0.5192307692307693,0.3333333333333333,0.3076923076923077,0.5625,0.15384615384615385,0.25,0.0,,0.0,
0,Fort Worth,2009,46.0,12.0,0.2608695652173913,0.02097902097902098,,0.4195804195804196,0.2,0.2937062937062937,0.42857142857142855,0.2097902097902098,0.2,0.02097902097902098,,0.0,
0,Fort Worth,2010,68.0,25.0,0.36764705882352944,0.0,,0.4903846153846154,0.3235294117647059,0.27403846153846156,0.47368421052631576,0.21634615384615385,0.3333333333333333,0.0,,0.0,
0,Fort Worth,2011,52.0,29.0,0.5576923076923077,0.018461538461538463,1.0,0.49846153846153846,0.5185185185185185,0.18461538461538463,0.7,0.18461538461538463,0.4,0.07384615384615385,0.75,0.0,
0,Fort Worth,2012,48.0,27.0,0.5625,0.0,,0.36923076923076925,0.5,0.28717948717948716,0.5714285714285714,0.3282051282051282,0.625,0.0,,0.0,
0,Fort Worth,2013,60.0,20.0,0.3333333333333333,0.016483516483516484,,0.6593406593406593,0.325,0.2142857142857143,0.38461538461538464,0.08241758241758242,0.2,0.016483516483516484,1.0,0.0,
0,Fort Worth,2014,56.0,22.0,0.39285714285714285,0.01741654571843251,,0.2612481857764877,0.5333333333333333,0.36574746008708275,0.2857142857142857,0.3309143686502177,0.42105263157894735,0.0,,0.0,
0,Fort Worth,2015,61.0,35.0,0.5737704918032787,0.016194331983805668,,0.42105263157894735,0.46153846153846156,0.242914979757085,0.8666666666666667,0.3076923076923077,0.5263157894736842,0.0,,0.0,
0,Fort Worth,2016,68.0,53.0,0.7794117647058824,0.014201183431952662,1.0,0.31242603550295855,0.7727272727272727,0.28402366863905326,0.8,0.3266272189349112,0.782608695652174,0.028402366863905324,0.5,0.0,
0,Fort Worth,2017,9.0,8.0,0.8888888888888888,0.0,,0.6153846153846154,0.8333333333333334,0.3076923076923077,1.0,0.0,,0.0,,0.0,
0,Fresno,2007,55.0,24.0,0.43636363636363634,0.07100591715976332,0.5,0.30177514792899407,0.5294117647058824,0.514792899408284,0.41379310344827586,0.08875739644970414,0.2,0.0,,0.0,
0,Fresno,2008,42.0,15.0,0.35714285714285715,0.06923076923076922,,0.16153846153846152,0.42857142857142855,0.6,0.38461538461538464,0.11538461538461538,0.2,0.023076923076923075,1.0,0.0,
0,Fresno,2009,44.0,21.0,0.4772727272727273,0.06593406593406594,0.6666666666666666,0.3076923076923077,0.5,0.4835164835164835,0.4090909090909091,0.10989010989010989,0.6,0.0,,0.0,
0,Fresno,2010,48.0,17.0,0.3541666666666667,0.041025641025641026,0.5,0.3282051282051282,0.4375,0.5743589743589743,0.32142857142857145,0.041025641025641026,,0.0,,0.0,
0,Fresno,2011,36.0,8.0,0.2222222222222222,0.05274725274725275,,0.23736263736263738,0.1111111111111111,0.47472527472527476,0.3888888888888889,0.18461538461538463,,0.0,,0.0,
0,Fresno,2012,54.0,17.0,0.3148148148148148,0.0,,0.27149321266968324,0.3333333333333333,0.5248868778280543,0.3103448275862069,0.14479638009049775,0.25,0.03619909502262444,0.5,0.0,
0,Fresno,2013,41.0,6.0,0.14634146341463414,0.023668639053254437,,0.1893491124260355,,0.6153846153846154,0.15384615384615385,0.11834319526627218,0.4,0.023668639053254437,,0.0,
0,Fresno,2014,51.0,10.0,0.19607843137254902,0.056514913657770796,0.3333333333333333,0.3956043956043956,0.09523809523809523,0.3767660910518053,0.3,0.13186813186813187,0.14285714285714285,0.0,,0.0,
0,Fresno,2015,41.0,12.0,0.2926829268292683,0.07100591715976332,,0.35502958579881655,0.5333333333333333,0.40236686390532544,0.17647058823529413,0.11834319526627218,0.2,0.023668639053254437,,0.0,
0,Fresno,2016,41.0,20.0,0.4878048780487805,0.047337278106508875,,0.378698224852071,0.6875,0.35502958579881655,0.5333333333333333,0.11834319526627218,,0.023668639053254437,1.0,0.047337278106508875,
0,Fresno,2017,59.0,35.0,0.5932203389830508,0.06593406593406594,0.75,0.26373626373626374,0.625,0.47802197802197804,0.6896551724137931,0.16483516483516483,0.2,0.0,,0.0,
0,Houston,2007,377.0,193.0,0.5119363395225465,0.0210989010989011,0.75,0.5221978021978022,0.5050505050505051,0.3191208791208791,0.5206611570247934,0.12131868131868132,0.5,0.01054945054945055,0.25,0.0,
0,Houston,2008,315.0,140.0,0.4444444444444444,0.02205303229194014,0.7142857142857143,0.5166710422683118,0.43902439024390244,0.3465476503019165,0.44545454545454544,0.10396429509057495,0.42424242424242425,0.0031504331845628774,,0.0,
0,Houston,2009,309.0,140.0,0.45307443365695793,0.04195804195804196,0.15384615384615385,0.4292630446476601,0.46616541353383456,0.4292630446476601,0.49624060150375937,0.09682625067240452,0.3333333333333333,0.0,,0.0,
0,Houston,2010,288.0,129.0,0.4479166666666667,0.03788748564867968,0.36363636363636365,0.46498277841561425,0.37777777777777777,0.330654420206659,0.59375,0.15499425947187143,0.35555555555555557,0.0034443168771526983,1.0,0.0,
0,Houston,2011,212.0,96.0,0.4528301886792453,0.023310023310023312,,0.5081585081585082,0.3302752293577982,0.40559440559440557,0.6436781609195402,0.05128205128205128,0.36363636363636365,0.0,,0.0,
0,Houston,2012,233.0,107.0,0.4592274678111588,0.021269053527118043,0.2,0.5402339595887983,0.44881889763779526,0.2977667493796526,0.5142857142857142,0.13186813186813187,0.41935483870967744,0.0,,0.0,
0,Houston,2013,229.0,105.0,0.4585152838427948,0.03450754852624011,0.5,0.4917325664989216,0.41228070175438597,0.3278217109992811,0.5526315789473685,0.12940330697340044,0.36666666666666664,0.004313443565780014,1.0,0.0,
0,Houston,2014,258.0,121.0,0.4689922480620155,0.03064155761251197,0.25,0.4826045323970636,0.42857142857142855,0.39067985955952766,0.5098039215686274,0.08426428343440792,0.5909090909090909,0.0,,0.0,
0,Houston,2015,327.0,168.0,0.5137614678899083,0.039603960396039604,0.46153846153846156,0.48743335872048743,0.41875,0.3412033511043412,0.6071428571428571,0.12490479817212491,0.6341463414634146,0.0030464584920030465,1.0,0.0,
0,Houston,2016,325.0,207.0,0.6369230769230769,0.033622007131940905,0.36363636363636365,0.531839021905247,0.6781609195402298,0.21701477330616403,0.6619718309859155,0.2109016811003566,0.5507246376811594,0.0,,0.0,
0,Houston,2017,290.0,208.0,0.7172413793103448,0.013675213675213675,0.75,0.6393162393162393,0.7165775401069518,0.1606837606837607,0.7659574468085106,0.1641025641025641,0.6458333333333334,0.013675213675213675,1.0,0.0,
0,Indianapolis,2007,121.0,51.0,0.4214876033057851,0.0,,0.6453369639210347,0.46835443037974683,0.05718175629680054,0.7142857142857143,0.269571136827774,0.2727272727272727,0.016337644656228726,,0.0,
0,Indianapolis,2008,122.0,39.0,0.319672131147541,0.0,,0.6558704453441295,0.2839506172839506,0.06477732793522267,0.75,0.26720647773279355,0.30303030303030304,0.0,,0.0,
0,Indianapolis,2009,106.0,37.0,0.3490566037735849,0.0,,0.6247086247086248,0.29850746268656714,0.09324009324009325,0.7,0.2703962703962704,0.3448275862068966,0.0,,0.0,
0,Indianapolis,2010,99.0,37.0,0.37373737373737376,0.0,,0.6521739130434783,0.4307692307692308,0.060200668896321065,,0.2809364548494983,0.32142857142857145,0.0,,0.0,
0,Indianapolis,2011,103.0,51.0,0.49514563106796117,0.009615384615384616,,0.6634615384615384,0.5652173913043478,0.057692307692307696,0.5,0.25,0.34615384615384615,0.009615384615384616,,0.0,
0,Indianapolis,2012,103.0,44.0,0.42718446601941745,0.019230769230769232,1.0,0.6538461538461539,0.45588235294117646,0.04807692307692308,0.6,0.25961538461538464,0.2962962962962963,0.009615384615384616,,0.0,
0,Indianapolis,2013,134.0,59.0,0.44029850746268656,0.0,,0.7532307692307693,0.4411764705882353,0.036923076923076927,0.8,0.192,0.34615384615384615,0.0,,0.007384615384615385,1.0
0,Indianapolis,2014,148.0,65.0,0.4391891891891892,0.006688963210702341,,0.6822742474916388,0.5490196078431373,0.04013377926421405,0.3333333333333333,0.2608695652173913,0.1794871794871795,0.0,,0.0,
0,Indianapolis,2015,154.0,62.0,0.4025974025974026,0.0,,0.7243589743589743,0.49557522123893805,0.05128205128205128,0.25,0.21153846153846154,0.12121212121212122,0.0,,0.0,
0,Indianapolis,2016,161.0,100.0,0.6211180124223602,0.0,,0.7630769230769231,0.6532258064516129,0.036923076923076927,0.3333333333333333,0.19076923076923077,0.5483870967741935,0.0,,0.0,
0,Indianapolis,2017,166.0,98.0,0.5903614457831325,0.0,,0.6610421836228288,0.5945945945945946,0.04764267990074442,0.375,0.2739454094292804,0.6086956521739131,0.005955334987593052,1.0,0.0,
0,Jacksonville,2007,140.0,80.0,0.5714285714285714,0.014092777451556078,0.5,0.6975924838520259,0.5858585858585859,0.0,,0.24662360540223138,0.5142857142857142,0.0,,0.028185554903112156,0.75
0,Jacksonville,2008,128.0,70.0,0.546875,0.0,,0.676923076923077,0.5113636363636364,0.0,,0.2846153846153846,0.5945945945945946,0.0,,0.023076923076923078,1.0
0,Jacksonville,2009,107.0,40.0,0.37383177570093457,0.027972027972027972,,0.7272727272727273,0.41025641025641024,0.0,,0.24242424242424243,0.3076923076923077,0.0,,0.0,
0,Jacksonville,2010,96.0,26.0,0.2708333333333333,0.020512820512820513,0.5,0.717948717948718,0.3,0.0,,0.2358974358974359,0.17391304347826086,0.0,,0.010256410256410256,
0,Jacksonville,2011,80.0,23.0,0.2875,0.0,,0.6153846153846154,0.3,0.0,,0.3569230769230769,0.27586206896551724,0.012307692307692308,,0.0,
0,Jacksonville,2012,107.0,49.0,0.45794392523364486,0.018461538461538463,1.0,0.7015384615384616,0.4868421052631579,0.0,,0.25846153846153846,0.35714285714285715,0.0,,0.009230769230769232,
0,Jacksonville,2013,111.0,55.0,0.4954954954954955,0.008961911874533234,,0.6004480955937267,0.582089552238806,0.0,,0.3764002987303958,0.35714285714285715,0.0,,0.008961911874533234,1.0
0,Jacksonville,2014,108.0,57.0,0.5277777777777778,0.0,,0.6488956587966489,0.6056338028169014,0.0,,0.329017517136329,0.3888888888888889,0.0,,0.009139375476009138,
0,Jacksonville,2015,111.0,71.0,0.6396396396396397,0.0,,0.7079910380881255,0.6708860759493671,0.0,,0.2867811799850635,0.5625,0.0,,0.0,
0,Jacksonville,2016,122.0,73.0,0.5983606557377049,0.0,,0.6720647773279352,0.6506024096385542,0.0,,0.2834008097165992,0.45714285714285713,0.0,,0.032388663967611336,0.75
0,Jacksonville,2017,142.0,99.0,0.6971830985915493,0.013986013986013986,,0.6643356643356644,0.7473684210526316,0.0,,0.3006993006993007,0.6511627906976745,0.0,,0.013986013986013986,
0,Kansas City,2007,94.0,37.0,0.39361702127659576,0.0,,0.0,,0.0,,0.0,,0.0,,0.9973474801061007,0.39361702127659576
0,Kansas City,2008,128.0,47.0,0.3671875,0.0,,0.0,,0.0,,0.0,,0.0,,0.9928894634776988,0.3671875
0,Kansas City,2009,111.0,36.0,0.32432432432432434,0.0,,0.0,,0.0,,0.0,,0.0,,0.9947722180731889,0.32432432432432434
0,Kansas City,2010,109.0,51.0,0.46788990825688076,0.0,,0.0,,0.0,,0.0,,0.0,,0.9961919268849961,0.46788990825688076
0,Kansas City,2011,120.0,32.0,0.26666666666666666,0.0,,0.0,,0.0,,0.0,,0.0,,0.997920997920998,0.26666666666666666
0,Kansas City,2012,113.0,37.0,0.3274336283185841,0.0,,0.0,,0.0,,0.0,,0.0,,0.9934065934065934,0.3274336283185841
0,Kansas City,2013,108.0,43.0,0.39814814814814814,0.0,,0.0,,0.0,,0.0,,0.0,,0.9969230769230769,0.39814814814814814
0,Kansas City,2014,87.0,31.0,0.3563218390804598,0.0,,0.0,,0.0,,0.0,,0.0,,0.9914529914529915,0.3563218390804598
0,Kansas City,2015,121.0,48.0,0.39669421487603307,0.0,,0.0,,0.0,,0.0,,0.0,,0.9972527472527473,0.39669421487603307
0,Kansas City,2016,131.0,84.0,0.6412213740458015,0.0,,0.0,,0.0,,0.0,,0.0,,0.9993642720915448,0.6412213740458015
0,Kansas City,2017,162.0,81.0,0.5,0.0,,0.0,,0.0,,0.0,,0.0,,0.9969230769230769,0.5
0,Las Vegas,2007,127.0,47.0,0.3700787401574803,0.015513897866839044,,0.3257918552036199,0.35714285714285715,0.24046541693600518,0.3870967741935484,0.36457659987071755,0.3829787234042553,0.007756948933419522,,0.031027795733678087,0.5
0,Las Vegas,2008,142.0,62.0,0.43661971830985913,0.034702139965297855,0.2,0.30537883169462116,0.5454545454545454,0.29843840370156155,0.46511627906976744,0.340080971659919,0.32653061224489793,0.006940427993059572,1.0,0.0,
0,Las Vegas,2009,129.0,43.0,0.3333333333333333,0.04577240940877304,0.5,0.3204068658614113,0.2857142857142857,0.2517482517482517,0.36363636363636365,0.36617927527018435,0.3333333333333333,0.0,,0.0,
0,Las Vegas,2010,120.0,49.0,0.4083333333333333,0.03296703296703297,,0.25549450549450553,0.41935483870967744,0.34615384615384615,0.35714285714285715,0.34615384615384615,0.47619047619047616,0.0,,0.008241758241758242,1.0
0,Las Vegas,2011,93.0,28.0,0.3010752688172043,0.01048951048951049,,0.37762237762237766,0.3333333333333333,0.2517482517482518,0.4166666666666667,0.3251748251748252,0.16129032258064516,0.01048951048951049,1.0,0.0,
0,Las Vegas,2012,86.0,28.0,0.32558139534883723,0.06837606837606838,0.5,0.3076923076923077,0.2962962962962963,0.21652421652421652,0.47368421052631576,0.38746438746438744,0.23529411764705882,0.0,,0.0,
0,Las Vegas,2013,103.0,30.0,0.2912621359223301,0.04758128469468676,0.4,0.34258524980174465,0.25,0.18080888183980967,0.47368421052631576,0.3901665344964314,0.24390243902439024,0.0,,0.019032513877874704,
0,Las Vegas,2014,132.0,42.0,0.3181818181818182,0.03722084367245657,0.2,0.36476426799007444,0.30612244897959184,0.2456575682382134,0.3333333333333333,0.32754342431761785,0.3181818181818182,0.007444168734491314,1.0,0.0,
0,Las Vegas,2015,140.0,63.0,0.45,0.014092777451556078,0.5,0.34527304756312394,0.5510204081632653,0.2889019377568996,0.5121951219512195,0.3241338813857898,0.2826086956521739,0.0,,0.014092777451556078,0.5
0,Las Vegas,2016,169.0,72.0,0.4260355029585799,0.06426484907497566,0.5454545454545454,0.31548198636806235,0.46296296296296297,0.2862706913339825,0.40816326530612246,0.3037974683544304,0.36538461538461536,0.017526777020447908,0.6666666666666666,0.0,
0,Las Vegas,2017,232.0,151.0,0.6508620689655172,0.03403048564338887,0.5,0.314781992201347,0.4594594594594595,0.13186813186813187,0.4838709677419355,0.23821339950372208,0.6428571428571429,0.0,,0.2679900744416873,0.9841269841269841
0,Long Beach,2007,41.0,17.0,0.4146341463414634,0.11834319526627218,0.4,0.378698224852071,0.375,0.4260355029585799,0.5,0.023668639053254437,,0.023668639053254437,,0.0,
0,Long Beach,2008,43.0,17.0,0.3953488372093023,0.0900562851782364,0.25,0.3151969981238274,0.2857142857142857,0.3602251407129456,0.625,0.1350844277673546,0.16666666666666666,0.0675422138836773,0.3333333333333333,0.0,
0,Long Beach,2009,44.0,24.0,0.5454545454545454,0.1978021978021978,0.6666666666666666,0.2857142857142857,0.38461538461538464,0.3076923076923077,0.7857142857142857,0.10989010989010989,0.4,0.06593406593406594,,0.0,
0,Long Beach,2010,34.0,16.0,0.47058823529411764,0.055944055944055944,0.5,0.3916083916083916,0.42857142857142855,0.3076923076923077,0.45454545454545453,0.1958041958041958,0.5714285714285714,0.0,,0.0,
0,Long Beach,2011,29.0,12.0,0.41379310344827586,0.13186813186813187,0.75,0.46153846153846156,0.5,0.19780219780219782,0.3333333333333333,0.16483516483516483,,0.0,,0.0,
0,Long Beach,2012,35.0,13.0,0.37142857142857144,0.10859728506787329,,0.2986425339366516,0.45454545454545453,0.5158371040723981,0.42105263157894735,0.027149321266968323,,0.0,,0.0,
0,Long Beach,2013,38.0,15.0,0.39473684210526316,0.07484407484407483,0.6666666666666666,0.474012474012474,0.42105263157894735,0.2744282744282744,0.36363636363636365,0.12474012474012473,0.2,0.0,,0.0,
0,Long Beach,2014,26.0,12.0,0.46153846153846156,0.07100591715976332,0.5,0.3905325443786982,0.36363636363636365,0.28402366863905326,0.625,0.17751479289940827,0.4,0.0,,0.0,
0,Long Beach,2015,42.0,17.0,0.40476190476190477,0.0923076923076923,0.5,0.43846153846153846,0.3157894736842105,0.32307692307692304,0.42857142857142855,0.06923076923076922,0.3333333333333333,0.04615384615384615,1.0,0.0,
0,Long Beach,2016,38.0,18.0,0.47368421052631576,0.09979209979209978,0.75,0.2744282744282744,0.45454545454545453,0.44906444906444903,0.4444444444444444,0.09979209979209978,0.5,0.024948024948024946,,0.0,
0,Long Beach,2017,21.0,7.0,0.3333333333333333,0.26373626373626374,0.16666666666666666,0.3076923076923077,0.2857142857142857,0.21978021978021978,0.6,0.08791208791208792,0.5,0.04395604395604396,,0.0,
0,Los Angeles,2010,317.0,178.0,0.5615141955835962,0.00938722294654498,,0.3911342894393742,0.64,0.47561929595827906,0.5460526315789473,0.08761408083441982,0.42857142857142855,0.021903520208604955,0.42857142857142855,0.006258148631029988,
0,Los Angeles,2011,321.0,180.0,0.5607476635514018,0.018585441404233353,0.6666666666666666,0.33763551884357257,0.5871559633027523,0.5389778007227672,0.5689655172413793,0.08982963345379454,0.3793103448275862,0.009292720702116676,0.6666666666666666,0.0,
0,Los Angeles,2012,321.0,150.0,0.4672897196261682,0.018585441404233353,0.16666666666666666,0.36241610738255037,0.4700854700854701,0.48322147651006714,0.48717948717948717,0.09602478058853899,0.5161290322580645,0.03407330924109448,0.18181818181818182,0.0,
0,Los Angeles,2013,270.0,129.0,0.4777777777777778,0.011076923076923078,0.6666666666666666,0.4356923076923077,0.4661016949152542,0.4541538461538462,0.5040650406504065,0.096,0.38461538461538464,0.0,,0.0,
0,Los Angeles,2014,279.0,130.0,0.4659498207885305,0.007100591715976331,0.5,0.429585798816568,0.5619834710743802,0.450887573964497,0.41732283464566927,0.06745562130177514,0.2631578947368421,0.03195266272189349,0.3333333333333333,0.0035502958579881655,
0,Los Angeles,2015,303.0,137.0,0.4521452145214521,0.0032733224222585926,1.0,0.41898527004909986,0.5390625,0.4582651391162029,0.38571428571428573,0.0851063829787234,0.46153846153846156,0.02618657937806874,0.125,0.0,
0,Los Angeles,2016,315.0,131.0,0.4158730158730159,0.015752165922814386,,0.3969545812549225,0.38095238095238093,0.4379102126542399,0.49640287769784175,0.10081386190601208,0.25,0.040955631399317405,0.46153846153846156,0.0,
0,Los Angeles,2017,302.0,162.0,0.5364238410596026,0.009854913769504516,0.3333333333333333,0.3679167807281686,0.5357142857142857,0.5354503148097454,0.5644171779141104,0.04927456884752258,0.4,0.02956474130851355,0.3333333333333333,0.0,
0,Louisville,2010,55.0,23.0,0.41818181818181815,0.0,,0.47928994082840237,0.5185185185185185,0.07100591715976332,0.75,0.42603550295857984,0.25,0.0,,0.0,
0,Louisville,2011,57.0,27.0,0.47368421052631576,0.01741654571843251,1.0,0.714078374455733,0.5365853658536586,0.01741654571843251,1.0,0.24383164005805516,0.21428571428571427,0.0,,0.0,
0,Louisville,2012,66.0,35.0,0.5303030303030303,0.0,,0.7146401985111662,0.6041666666666666,0.04466501240694789,0.3333333333333333,0.22332506203473945,0.3333333333333333,0.0,,0.0,
0,Louisville,2013,51.0,22.0,0.43137254901960786,0.0,,0.6730769230769231,0.42857142857142855,0.038461538461538464,0.5,0.25,0.46153846153846156,0.019230769230769232,,0.0,
0,Louisville,2014,62.0,17.0,0.27419354838709675,0.0,,0.636604774535809,0.3,0.0,,0.35013262599469497,0.22727272727272727,0.0,,0.0,
0,Louisville,2015,86.0,47.0,0.5465116279069767,0.0,,0.7065527065527065,0.5483870967741935,0.0,,0.2621082621082621,0.5652173913043478,0.011396011396011397,,0.0,
0,Louisville,2016,126.0,54.0,0.42857142857142855,0.015779092702169626,,0.6153846153846154,0.48717948717948717,0.03155818540433925,0.75,0.3234714003944773,0.2926829268292683,0.007889546351084813,1.0,0.0,
0,Louisville,2017,113.0,58.0,0.5132743362831859,0.008791208791208791,,0.7120879120879121,0.6172839506172839,0.04395604395604396,0.6,0.22857142857142856,0.19230769230769232,0.0,,0.0,
0,Memphis,2007,143.0,30.0,0.2097902097902098,0.0,,0.8467322151532677,0.21311475409836064,0.097165991902834,0.2857142857142857,0.041642567958357427,,0.0,,0.006940427993059572,
0,Memphis,2008,147.0,34.0,0.23129251700680273,0.0,,0.8422234699606963,0.232,0.05390230207748456,0.375,0.08759124087591241,0.15384615384615385,0.0,,0.00673778775968557,
0,Memphis,2009,141.0,28.0,0.19858156028368795,0.013986013986013986,0.5,0.8321678321678322,0.18487394957983194,0.06993006993006994,0.3,0.06293706293706294,0.2222222222222222,0.006993006993006993,,0.0,
0,Memphis,2010,98.0,28.0,0.2857142857142857,0.0,,0.842809364548495,0.27380952380952384,0.04013377926421405,0.5,0.0903010033444816,0.3333333333333333,0.010033444816053512,,0.0,
0,Memphis,2011,124.0,38.0,0.3064516129032258,0.007957559681697613,,0.7957559681697612,0.3,0.03978779840848806,0.6,0.143236074270557,0.2777777777777778,0.0,,0.0,
0,Memphis,2012,144.0,43.0,0.2986111111111111,0.006888633754305397,,0.8404133180252584,0.28688524590163933,0.027554535017221587,0.5,0.11710677382319175,0.35294117647058826,0.0,,0.0,
0,Memphis,2013,136.0,49.0,0.3602941176470588,0.0145366444579043,0.5,0.872198667474258,0.375,0.0290732889158086,0.25,0.06541490006056935,0.2222222222222222,0.0,,0.00726832222895215,
0,Memphis,2014,145.0,58.0,0.4,0.0,,0.8619909502262443,0.3858267716535433,0.0746606334841629,0.5454545454545454,0.04751131221719457,0.42857142857142855,0.0,,0.0,
0,Memphis,2015,144.0,49.0,0.3402777777777778,0.0,,0.8335246842709529,0.34710743801652894,0.034443168771526984,0.4,0.11710677382319175,0.23529411764705882,0.006888633754305397,1.0,0.0,
0,Memphis,2016,209.0,76.0,0.36363636363636365,0.0,,0.8850118953211737,0.3548387096774194,0.03330689928628073,0.42857142857142855,0.07137192704203014,0.4,0.004758128469468676,1.0,0.0,
0,Memphis,2017,192.0,88.0,0.4583333333333333,0.0,,0.8354103996562098,0.42592592592592593,0.041254834550923936,0.75,0.10829394069617534,0.5714285714285714,0.005156854318865492,1.0,0.0,
0,Miami,2007,85.0,41.0,0.4823529411764706,0.0,,0.0,,0.0,,0.0,,0.0,,0.9931840311587148,0.4823529411764706
0,Miami,2008,69.0,34.0,0.4927536231884058,0.0,,0.014423076923076924,1.0,0.0,,0.0,,0.0,,0.9807692307692308,0.4852941176470588
0,Miami,2009,65.0,43.0,0.6615384615384615,0.0,,0.0,,0.0,,0.0,,0.0,,1.0,0.6615384615384615
0,Miami,2010,74.0,37.0,0.5,0.0,,0.013377926421404682,,0.0,,0.0,,0.0,,0.9765886287625418,0.5068493150684932
0,Miami,2011,76.0,46.0,0.6052631578947368,0.0,,0.7280606717226435,0.6428571428571429,0.013001083423618633,,0.24702058504875404,0.5263157894736842,0.0,,0.0,
0,Miami,2012,58.0,35.0,0.603448275862069,0.0,,0.6666666666666666,0.6410256410256411,0.08547008547008547,0.6,0.23931623931623933,0.5,0.0,,0.0,
0,Miami,2013,74.0,47.0,0.6351351351351351,0.0,,0.6956521739130435,0.6153846153846154,0.04013377926421405,0.6666666666666666,0.25418060200668896,0.6842105263157895,0.0,,0.0,
0,Miami,2014,87.0,59.0,0.6781609195402298,0.0,,0.6979362101313321,0.7258064516129032,0.10131332082551596,0.5555555555555556,0.1801125703564728,0.5625,0.0,,0.0,
0,Miami,2015,81.0,45.0,0.5555555555555556,0.0,,0.5754245754245754,0.6458333333333334,0.10789210789210789,0.6666666666666666,0.2757242757242757,0.30434782608695654,0.0,,0.011988011988011988,1.0
0,Miami,2016,63.0,49.0,0.7777777777777778,0.0,,0.6258148631029987,0.85,0.03129074315514994,1.0,0.31290743155149936,0.65,0.0,,0.01564537157757497,
0,Miami,2017,64.0,52.0,0.8125,0.0,,0.4307692307692308,0.8571428571428571,0.06153846153846154,1.0,0.47692307692307695,0.7419354838709677,0.015384615384615385,1.0,0.0,
0,Milwaukee,2007,110.0,34.0,0.3090909090909091,0.017923823749066467,,0.7886482449589246,0.3181818181818182,0.05377147124719941,0.3333333333333333,0.11650485436893204,0.3076923076923077,0.008961911874533234,,0.0,
0,Milwaukee,2008,75.0,20.0,0.26666666666666666,0.0,,0.7280606717226435,0.25,0.10400866738894907,0.375,0.14301191765980498,0.2727272727272727,0.0,,0.0,
0,Milwaukee,2009,76.0,23.0,0.3026315789473684,0.01282051282051282,,0.7692307692307693,0.3333333333333333,0.10256410256410256,0.125,0.08974358974358974,0.2857142857142857,0.0,,0.0,
0,Milwaukee,2010,101.0,27.0,0.26732673267326734,0.0,,0.7190283400809716,0.2702702702702703,0.09716599190283401,0.5,0.145748987854251,0.13333333333333333,0.0194331983805668,,0.0,
0,Milwaukee,2011,95.0,35.0,0.3684210526315789,0.0,,0.8089887640449438,0.358974358974359,0.11408815903197925,0.2727272727272727,0.05185825410544512,0.6,0.010371650821089023,1.0,0.0,
0,Milwaukee,2012,99.0,39.0,0.3939393939393939,0.0,,0.794044665012407,0.3875,0.10918114143920596,0.2727272727272727,0.05955334987593052,0.6666666666666666,0.019851116625310174,0.5,0.0,
0,Milwaukee,2013,108.0,39.0,0.3611111111111111,0.0,,0.7951256664127951,0.39080459770114945,0.1188118811881188,0.23076923076923078,0.0731150038080731,0.25,0.0,,0.0,
0,Milwaukee,2014,92.0,38.0,0.41304347826086957,0.03183023872679045,,0.7639257294429708,0.4583333333333333,0.10610079575596817,0.3,0.07427055702917772,0.2857142857142857,0.0,,0.0,
0,Milwaukee,2015,157.0,70.0,0.445859872611465,0.012644889357218124,,0.8408851422550053,0.48120300751879697,0.08219178082191782,0.3076923076923077,0.056902002107481565,0.2222222222222222,0.0,,0.0,
0,Milwaukee,2016,149.0,61.0,0.40939597315436244,0.013281682346430547,,0.7902600996126176,0.42016806722689076,0.07304925290536801,0.36363636363636365,0.11289429994465965,0.4117647058823529,0.0,,0.0,
0,Milwaukee,2017,128.0,50.0,0.390625,0.007756948933419522,,0.8377504848093084,0.42592592592592593,0.03878474466709761,0.2,0.1085972850678733,0.21428571428571427,0.0,,0.0,
0,Minneapolis,2007,42.0,15.0,0.35714285714285715,0.0225140712945591,,0.5403377110694184,0.4166666666666667,0.0225140712945591,,0.2476547842401501,0.18181818181818182,0.11257035647279551,0.6,0.0,
0,Minneapolis,2008,36.0,21.0,0.5833333333333334,0.0,,0.632967032967033,0.6666666666666666,0.026373626373626374,1.0,0.18461538461538463,0.2857142857142857,0.1054945054945055,0.5,0.0,
0,Minneapolis,2009,15.0,5.0,0.3333333333333333,0.0,,0.676923076923077,0.36363636363636365,0.0,,0.06153846153846154,1.0,0.18461538461538463,,0.0,
0,Minneapolis,2010,37.0,23.0,0.6216216216216216,0.0,,0.7120879120879121,0.6666666666666666,0.026373626373626374,1.0,0.026373626373626374,,0.18461538461538463,0.42857142857142855,0.026373626373626374,1.0
0,Minneapolis,2011,37.0,21.0,0.5675675675675675,0.0,,0.6857142857142857,0.6538461538461539,0.026373626373626374,,0.18461538461538463,0.2857142857142857,0.07912087912087913,0.6666666666666666,0.0,
0,Minneapolis,2012,44.0,20.0,0.45454545454545453,0.02197802197802198,1.0,0.6593406593406593,0.36666666666666664,0.0,,0.24175824175824176,0.7272727272727273,0.04395604395604396,,0.0,
0,Minneapolis,2013,43.0,26.0,0.6046511627906976,0.0225140712945591,1.0,0.6529080675422139,0.5517241379310345,0.0675422138836773,0.6666666666666666,0.0225140712945591,,0.20262664165103192,0.7777777777777778,0.0,
0,Minneapolis,2014,35.0,17.0,0.4857142857142857,0.0,,0.7552447552447552,0.48148148148148145,0.0,,0.11188811188811189,0.5,0.11188811188811189,0.5,0.0,
0,Minneapolis,2015,51.0,26.0,0.5098039215686274,0.0,,0.6346153846153846,0.5151515151515151,0.038461538461538464,0.5,0.057692307692307696,0.3333333333333333,0.25,0.5384615384615384,0.0,
0,Minneapolis,2016,36.0,21.0,0.5833333333333334,0.0,,0.7058823529411764,0.6153846153846154,0.0,,0.13574660633484162,0.4,0.13574660633484162,0.6,0.0,
0,Minneapolis,2017,7.0,4.0,0.5714285714285714,0.0,,0.9230769230769231,0.5714285714285714,0.0,,0.0,,0.0,,0.0,
0,Nashville,2007,83.0,29.0,0.3493975903614458,0.023976023976023976,0.5,0.4795204795204795,0.4,0.0,,0.4795204795204795,0.3,0.011988011988011988,,0.0,
0,Nashville,2008,79.0,25.0,0.31645569620253167,0.0,,0.5738045738045737,0.30434782608695654,0.0,,0.3742203742203742,0.3333333333333333,0.024948024948024946,,0.012474012474012473,1.0
0,Nashville,2009,86.0,28.0,0.32558139534883723,0.011538461538461537,,0.6692307692307692,0.3275862068965517,0.0,,0.31153846153846154,0.3333333333333333,0.0,,0.0,
0,Nashville,2010,60.0,18.0,0.3,0.06593406593406594,,0.6923076923076923,0.35714285714285715,0.0,,0.2142857142857143,0.23076923076923078,0.016483516483516484,,0.0,
0,Nashville,2011,59.0,22.0,0.3728813559322034,0.0,,0.7384615384615384,0.36363636363636365,0.0,,0.2517482517482517,0.4,0.0,,0.0,
0,Nashville,2012,68.0,20.0,0.29411764705882354,0.0,,0.6153846153846154,0.30952380952380953,0.0,,0.38095238095238093,0.2692307692307692,0.0,,0.0,
0,Nashville,2013,42.0,14.0,0.3333333333333333,0.0,,0.5538461538461538,0.375,0.0,,0.41538461538461535,0.2777777777777778,0.0,,0.0,
0,Nashville,2014,47.0,14.0,0.2978723404255319,0.04195804195804196,,0.6083916083916084,0.3103448275862069,0.0,,0.3356643356643357,0.3125,0.0,,0.0,
0,Nashville,2015,88.0,32.0,0.36363636363636365,0.01125703564727955,,0.7654784240150094,0.35294117647058826,0.0,,0.20262664165103192,0.3888888888888889,0.01125703564727955,1.0,0.0,
0,Nashville,2016,91.0,37.0,0.4065934065934066,0.021719457013574663,0.5,0.6081447963800906,0.4107142857142857,0.0,,0.3475113122171946,0.40625,0.010859728506787332,,0.0,
0,Nashville,2017,119.0,65.0,0.5462184873949579,0.008316008316008316,,0.6237006237006237,0.5333333333333333,0.0,,0.3492723492723493,0.5714285714285714,0.008316008316008316,1.0,0.0,
0,New Orleans,2008,2.0,1.0,0.5,0.0,,0.9230769230769231,0.5,0.0,,0.0,,0.0,,0.0,
0,New Orleans,2009,2.0,1.0,0.5,0.0,,0.46153846153846156,,0.0,,0.46153846153846156,1.0,0.0,,0.0,
0,New Orleans,2010,199.0,111.0,0.5577889447236181,0.009925558312655087,,0.8138957816377171,0.5792682926829268,0.04962779156327544,0.4,0.0794044665012407,0.4375,0.0,,0.034739454094292806,0.7142857142857143
0,New Orleans,2011,226.0,142.0,0.6283185840707964,0.004374772147283996,1.0,0.8924535180459351,0.6323529411764706,0.026248632883703972,0.6666666666666666,0.04812249362012395,0.45454545454545453,0.0,,0.017499088589135983,0.75
0,New Orleans,2012,221.0,133.0,0.6018099547511312,0.004480955937266617,1.0,0.9096340552651233,0.6157635467980296,0.03136669156086632,0.2857142857142857,0.03136669156086632,0.2857142857142857,0.0,,0.013442867811799852,1.0
0,New Orleans,2013,168.0,102.0,0.6071428571428571,0.005879470847623714,,0.8878000979911808,0.6225165562913907,0.04703576678098971,0.625,0.029397354238118567,0.2,0.005879470847623714,1.0,0.011758941695247428,0.5
0,New Orleans,2014,176.0,125.0,0.7102272727272727,0.0,,0.9060877772534214,0.7,0.0056630486078338834,1.0,0.07361963190184048,0.7692307692307693,0.0,,0.011326097215667767,1.0
0,New Orleans,2015,180.0,124.0,0.6888888888888889,0.005494505494505495,,0.8406593406593407,0.6993464052287581,0.038461538461538464,0.7142857142857143,0.08241758241758242,0.6,0.0,,0.02197802197802198,0.75
0,New Orleans,2016,190.0,140.0,0.7368421052631579,0.005244755244755245,1.0,0.8916083916083917,0.7470588235294118,0.026223776223776224,0.6,0.06818181818181819,0.6153846153846154,0.0,,0.005244755244755245,1.0
0,New Orleans,2017,175.0,124.0,0.7085714285714285,0.0056630486078338834,,0.8947616800377536,0.7088607594936709,0.011326097215667767,1.0,0.06229353468617272,0.6363636363636364,0.011326097215667767,1.0,0.0056630486078338834,1.0
0,New York,2016,362.0,150.0,0.4143646408839779,0.04408725602755453,0.375,0.5731343283582089,0.5144230769230769,0.28656716417910444,0.25,0.09092996555683122,0.30303030303030304,0.0,,0.0027554535017221583,1.0
0,New York,2017,315.0,114.0,0.3619047619047619,0.05374077976817703,0.23529411764705882,0.5437302423603794,0.38372093023255816,0.29083245521601686,0.41304347826086957,0.101159114857745,0.15625,0.0,,0.006322444678609062,0.5
0,Oakland,2008,127.0,82.0,0.6456692913385826,0.007756948933419522,1.0,0.7601809954751132,0.6224489795918368,0.16289592760180996,0.8095238095238095,0.031027795733678087,,0.023270846800258566,1.0,0.0,
0,Oakland,2009,110.0,56.0,0.509090909090909,0.017923823749066467,0.5,0.6183719193427931,0.5507246376811594,0.16131441374159822,0.6666666666666666,0.11650485436893204,0.23076923076923078,0.07169529499626587,0.25,0.0,
0,Oakland,2010,96.0,55.0,0.5729166666666666,0.02028740490278952,0.5,0.7709213863060017,0.6447368421052632,0.09129332206255283,0.4444444444444444,0.0,,0.09129332206255283,0.1111111111111111,0.0,
0,Oakland,2011,108.0,69.0,0.6388888888888888,0.018278750952018277,,0.7311500380807311,0.7125,0.18278750952018277,0.55,0.027418126428027417,,0.027418126428027417,0.3333333333333333,0.0,
0,Oakland,2012,134.0,75.0,0.5597014925373134,0.029304029304029304,,0.73992673992674,0.6336633663366337,0.10256410256410256,0.5714285714285714,0.05860805860805861,0.125,0.05128205128205128,0.2857142857142857,0.0,
0,Oakland,2013,94.0,45.0,0.4787234042553192,0.03111495246326707,0.3333333333333333,0.7363872082973206,0.5492957746478874,0.10371650821089023,0.3,0.06222990492653414,,0.04148660328435609,0.5,0.0,
0,Oakland,2014,83.0,41.0,0.4939759036144578,0.023668639053254437,,0.7692307692307693,0.5384615384615384,0.11834319526627218,0.5,0.047337278106508875,0.25,0.023668639053254437,,0.0,
0,Oakland,2015,88.0,41.0,0.4659090909090909,0.011121408711770158,1.0,0.6895273401297497,0.4838709677419355,0.18906394810009267,0.35294117647058826,0.05560704355885079,0.4,0.03336422613531047,0.6666666666666666,0.0,
0,Oakland,2016,90.0,49.0,0.5444444444444444,0.0,,0.6407239819004525,0.559322033898305,0.23891402714932128,0.5454545454545454,0.07601809954751132,0.42857142857142855,0.021719457013574663,0.5,0.0,
0,Oakland,2017,77.0,36.0,0.4675324675324675,0.0,,0.7435897435897436,0.5172413793103449,0.16666666666666666,0.3076923076923077,0.05128205128205128,0.25,0.02564102564102564,0.5,0.0,
0,Oklahoma City,2007,72.0,30.0,0.4166666666666667,0.0,,0.4546498277841562,0.42424242424242425,0.0,,0.35820895522388063,0.3076923076923077,0.17910447761194032,0.6153846153846154,0.0,
0,Oklahoma City,2008,60.0,34.0,0.5666666666666667,0.0,,0.4285714285714286,0.5769230769230769,0.0,,0.2802197802197802,0.4117647058823529,0.24725274725274726,0.7333333333333333,0.03296703296703297,0.5
0,Oklahoma City,2009,62.0,27.0,0.43548387096774194,0.0,,0.36604774535809015,0.391304347826087,0.0,,0.41379310344827586,0.4230769230769231,0.20689655172413793,0.5384615384615384,0.0,
0,Oklahoma City,2010,51.0,20.0,0.39215686274509803,0.0,,0.5576923076923077,0.3793103448275862,0.0,,0.25,0.38461538461538464,0.17307692307692307,0.4444444444444444,0.0,
0,Oklahoma City,2011,62.0,26.0,0.41935483870967744,0.0,,0.485006518904824,0.41935483870967744,0.0469361147327249,,0.26597131681877445,0.5294117647058824,0.17209908735332466,0.36363636363636365,0.0,
0,Oklahoma City,2012,87.0,46.0,0.5287356321839081,0.0225140712945591,0.5,0.3602251407129456,0.59375,0.0450281425891182,,0.3602251407129456,0.5,0.16885553470919326,0.6,0.0225140712945591,0.5
0,Oklahoma City,2013,65.0,24.0,0.36923076923076925,0.014888337468982629,,0.5359801488833746,0.4166666666666667,0.014888337468982629,,0.2679900744416873,0.2777777777777778,0.13399503722084366,0.4444444444444444,0.0,
0,Oklahoma City,2014,45.0,23.0,0.5111111111111111,0.0,,0.38640429338103754,0.5555555555555556,0.0,,0.40787119856887294,0.42105263157894735,0.15026833631484793,0.5714285714285714,0.02146690518783542,1.0
0,Oklahoma City,2015,77.0,36.0,0.4675324675324675,0.0,,0.4425711275026344,0.42857142857142855,0.02528977871443625,0.5,0.303477344573235,0.3333333333333333,0.20231822971549,0.75,0.0,
0,Oklahoma City,2016,76.0,55.0,0.7236842105263158,0.026002166847237267,1.0,0.5200433369447454,0.75,0.0,,0.2600216684723727,0.65,0.1820151679306609,0.7142857142857143,0.0,
0,Oklahoma City,2017,57.0,35.0,0.6140350877192983,0.0,,0.4528301886792453,0.5769230769230769,0.0,,0.27866473149492016,0.5625,0.2612481857764877,0.7333333333333333,0.0,
0,Omaha,2007,43.0,8.0,0.18604651162790697,0.0,,0.4727954971857411,0.2857142857142857,0.0450281425891182,0.5,0.45028142589118203,0.05,0.0,,0.0,
0,Omaha,2008,46.0,21.0,0.45652173913043476,0.02097902097902098,,0.6503496503496504,0.5806451612903226,0.1048951048951049,0.6,0.18881118881118883,,0.0,,0.0,
0,Omaha,2009,35.0,18.0,0.5142857142857142,0.0,,0.44755244755244755,0.875,0.13986013986013987,,0.3916083916083916,0.2857142857142857,0.0,,0.0,
0,Omaha,2010,34.0,20.0,0.5882352941176471,0.0,,0.6433566433566433,0.7391304347826086,0.055944055944055944,,0.1958041958041958,0.42857142857142855,0.055944055944055944,,0.0,
0,Omaha,2011,41.0,22.0,0.5365853658536586,0.0,,0.6863905325443787,0.7241379310344828,0.023668639053254437,,0.2603550295857988,0.09090909090909091,0.0,,0.0,
0,Omaha,2012,41.0,25.0,0.6097560975609756,0.023668639053254437,1.0,0.6627218934911243,0.75,0.16568047337278108,0.14285714285714285,0.11834319526627218,0.4,0.0,,0.0,
0,Omaha,2013,42.0,15.0,0.35714285714285715,0.0,,0.5076923076923077,0.5454545454545454,0.0923076923076923,0.25,0.34615384615384615,0.13333333333333333,0.023076923076923075,,0.0,
0,Omaha,2014,33.0,9.0,0.2727272727272727,0.0,,0.6057692307692308,0.38095238095238093,0.057692307692307696,,0.25961538461538464,0.1111111111111111,0.028846153846153848,,0.0,
0,Omaha,2015,54.0,23.0,0.42592592592592593,0.0,,0.7200000000000001,0.5641025641025641,0.0,,0.27692307692307694,0.06666666666666667,0.0,,0.0,
0,Omaha,2016,30.0,11.0,0.36666666666666664,0.0,,0.6047745358090185,0.5263157894736842,0.0636604774535809,,0.22281167108753314,0.14285714285714285,0.0636604774535809,,0.0,
0,Omaha,2017,30.0,10.0,0.3333333333333333,0.0,,0.47745358090185674,0.4666666666666667,0.1273209549071618,0.25,0.286472148541114,0.1111111111111111,0.0,,0.0636604774535809,0.5
0,Philadelphia,2007,420.0,183.0,0.4357142857142857,0.030848329048843187,0.3076923076923077,0.7807000197745698,0.45288753799392095,0.09966383231164722,0.42857142857142855,0.08542614198141191,0.3333333333333333,0.0,,0.0,
0,Philadelphia,2008,358.0,132.0,0.3687150837988827,0.016682113067655234,0.3333333333333333,0.7590361445783133,0.358974358974359,0.09453197405004633,0.4117647058823529,0.12511584800741427,0.4,0.0,,0.0,
0,Philadelphia,2009,328.0,123.0,0.375,0.006072874493927126,0.5,0.7682186234817814,0.35968379446640314,0.1396761133603239,0.4782608695652174,0.0819838056680162,0.3333333333333333,0.0,,0.0,
0,Philadelphia,2010,327.0,110.0,0.3363914373088685,0.012145748987854251,0.25,0.7682186234817814,0.3438735177865613,0.10323886639676114,0.4411764705882353,0.10931174089068826,0.19444444444444445,0.0,,0.0,
0,Philadelphia,2011,347.0,154.0,0.4438040345821326,0.01433349259436216,,0.8284758719541329,0.45674740484429066,0.09746774964166269,0.38235294117647056,0.05446727185857621,0.47368421052631576,0.0,,0.0,
0,Philadelphia,2012,359.0,145.0,0.403899721448468,0.01386001386001386,0.4,0.7733887733887734,0.4229390681003584,0.13305613305613306,0.375,0.07484407484407485,0.25925925925925924,0.0,,0.0,
0,Philadelphia,2013,268.0,123.0,0.458955223880597,0.018535681186283594,0.8,0.7747914735866543,0.47368421052631576,0.11862835959221502,0.40625,0.08155699721964782,0.3181818181818182,0.0,,0.0,
0,Philadelphia,2014,269.0,141.0,0.5241635687732342,0.014828544949026877,,0.7859128822984245,0.5424528301886793,0.14457831325301204,0.46153846153846156,0.051899907321594066,0.5714285714285714,0.0,,0.0,
0,Philadelphia,2015,298.0,161.0,0.540268456375839,0.013329630658150515,0.5,0.7431269091918912,0.5605381165919282,0.15662316023326855,0.6595744680851063,0.07664537628436546,0.08695652173913043,0.003332407664537629,1.0,0.0,
0,Philadelphia,2016,298.0,203.0,0.6812080536912751,0.003332407664537629,,0.7697861705081922,0.7056277056277056,0.14329352957511804,0.6511627906976745,0.07664537628436546,0.5217391304347826,0.0,,0.0,
0,Philadelphia,2017,1.0,0.0,0.0,0.0,,0.9230769230769231,,0.0,,0.0,,0.0,,0.0,
0,Phoenix,2011,134.0,79.0,0.5895522388059702,0.0,,0.0,,0.0,,0.0,,0.0,,0.9975186104218362,0.5895522388059702
0,Phoenix,2012,136.0,67.0,0.49264705882352944,0.0,,0.0,,0.0,,0.0,,0.0,,0.9963369963369964,0.49264705882352944
0,Phoenix,2013,134.0,56.0,0.417910447761194,0.0,,0.0,,0.0,,0.0,,0.0,,0.9975186104218362,0.417910447761194
0,Phoenix,2014,126.0,64.0,0.5079365079365079,0.0,,0.0,,0.0,,0.0,,0.0,,0.9940828402366864,0.5079365079365079
0,Phoenix,2015,125.0,76.0,0.608,0.0,,0.0,,0.0,,0.0,,0.0,,0.9946949602122016,0.608
0,Phoenix,2016,158.0,103.0,0.6518987341772152,0.0,,0.0,,0.0,,0.0,,0.0,,0.9989462592202318,0.6518987341772152
0,Phoenix,2017,174.0,101.0,0.5804597701149425,0.0,,0.0,,0.0,,0.0,,0.0,,0.9976110845676064,0.5804597701149425
0,Pittsburgh,2007,69.0,28.0,0.4057971014492754,0.0,,0.966346153846154,0.417910447761194,0.0,,0.028846153846153848,,0.0,,0.0,
0,Pittsburgh,2008,84.0,45.0,0.5357142857142857,0.0,,0.8646543330087635,0.5675675675675675,0.0,,0.09347614410905551,0.125,0.023369036027263878,1.0,0.0,
0,Pittsburgh,2009,47.0,21.0,0.44680851063829785,0.0,,0.8811188811188811,0.4523809523809524,0.0,,0.1048951048951049,0.4,0.0,,0.0,
0,Pittsburgh,2010,65.0,28.0,0.4307692307692308,0.0,,0.802017654476671,0.49056603773584906,0.030264817150063055,,0.15132408575031528,0.2,0.0,,0.0,
0,Pittsburgh,2011,49.0,28.0,0.5714285714285714,0.0,,0.862876254180602,0.5813953488372093,0.0,,0.12040133779264213,0.5,0.0,,0.0,
0,Pittsburgh,2012,46.0,28.0,0.6086956521739131,0.0,,0.8372093023255813,0.6153846153846154,0.0,,0.15026833631484793,0.5714285714285714,0.0,,0.0,
0,Pittsburgh,2013,49.0,29.0,0.5918367346938775,0.0,,0.8026755852842808,0.675,0.0,,0.1806020066889632,0.2222222222222222,0.0,,0.0,
0,Pittsburgh,2014,76.0,39.0,0.5131578947368421,0.0,,0.8840736728060671,0.5735294117647058,0.0,,0.10400866738894907,,0.0,,0.0,
0,Pittsburgh,2015,64.0,41.0,0.640625,0.015384615384615385,1.0,0.8769230769230769,0.7017543859649122,0.0,,0.09230769230769231,,0.0,,0.0,
0,Pittsburgh,2016,63.0,36.0,0.5714285714285714,0.01564537157757497,,0.8292046936114733,0.6226415094339622,0.01564537157757497,,0.12516297262059975,0.375,0.0,,0.0,
0,Pittsburgh,2017,62.0,41.0,0.6612903225806451,0.015915119363395226,,0.8435013262599469,0.7358490566037735,0.0,,0.1273209549071618,0.25,0.0,,0.0,
0,Richmond,2007,60.0,10.0,0.16666666666666666,0.0,,0.9230769230769231,0.16071428571428573,0.016483516483516484,1.0,0.049450549450549455,,0.0,,0.0,
0,Richmond,2008,33.0,4.0,0.12121212121212122,0.0,,0.8933002481389578,0.13333333333333333,0.0,,0.08933002481389578,,0.0,,0.0,
0,Richmond,2009,41.0,9.0,0.21951219512195122,0.023668639053254437,,0.8284023668639053,0.22857142857142856,0.047337278106508875,0.5,0.07100591715976332,,0.0,,0.0,
0,Richmond,2010,44.0,13.0,0.29545454545454547,0.0,,0.8780487804878049,0.3076923076923077,0.0450281425891182,0.5,0.0675422138836773,,0.0,,0.0,
0,Richmond,2011,39.0,7.0,0.1794871794871795,0.0,,0.8232848232848232,0.21212121212121213,0.04989604989604989,,0.07484407484407483,,0.0,,0.024948024948024946,
0,Richmond,2012,47.0,13.0,0.2765957446808511,0.0,,0.8601398601398602,0.21951219512195122,0.02097902097902098,,0.06293706293706294,0.6666666666666666,0.04195804195804196,1.0,0.0,
0,Richmond,2013,39.0,8.0,0.20512820512820512,0.0,,0.8731808731808731,0.17142857142857143,0.04989604989604989,1.0,0.04989604989604989,,0.0,,0.0,
0,Richmond,2014,45.0,18.0,0.4,0.02197802197802198,,0.8571428571428571,0.46153846153846156,0.02197802197802198,,0.08791208791208792,,0.0,,0.0,
0,Richmond,2015,45.0,11.0,0.24444444444444444,0.0,,0.8791208791208791,0.25,0.02197802197802198,1.0,0.08791208791208792,,0.0,,0.0,
0,Richmond,2016,64.0,28.0,0.4375,0.03076923076923077,0.5,0.8615384615384616,0.39285714285714285,0.03076923076923077,1.0,0.06153846153846154,0.75,0.0,,0.0,
0,Sacramento,2007,46.0,11.0,0.2391304347826087,0.1258741258741259,0.5,0.39860139860139865,0.21052631578947367,0.2937062937062937,0.2857142857142857,0.1258741258741259,,0.02097902097902098,,0.0,
0,Sacramento,2008,52.0,14.0,0.2692307692307692,0.056514913657770796,,0.3767660910518053,0.15,0.28257456828885397,0.3333333333333333,0.24489795918367346,0.38461538461538464,0.018838304552590265,1.0,0.0,
0,Sacramento,2009,32.0,4.0,0.125,0.029776674937965257,,0.5359801488833746,0.16666666666666666,0.17866004962779156,0.16666666666666666,0.20843672456575682,,0.0,,0.0,
0,Sacramento,2010,35.0,13.0,0.37142857142857144,0.10859728506787329,0.5,0.38009049773755654,0.35714285714285715,0.13574660633484162,0.6,0.2986425339366516,0.2727272727272727,0.027149321266968323,,0.0,
0,Sacramento,2011,36.0,10.0,0.2777777777777778,0.1282051282051282,0.6,0.23076923076923078,0.1111111111111111,0.28205128205128205,0.18181818181818182,0.1794871794871795,0.2857142857142857,0.10256410256410256,0.5,0.0,
0,Sacramento,2012,35.0,20.0,0.5714285714285714,0.21719457013574658,0.625,0.3529411764705882,0.6153846153846154,0.19004524886877827,0.2857142857142857,0.19004524886877827,0.7142857142857143,0.0,,0.0,
0,Sacramento,2013,35.0,18.0,0.5142857142857142,0.10859728506787329,0.5,0.5158371040723981,0.631578947368421,0.19004524886877827,0.2857142857142857,0.13574660633484162,0.4,0.0,,0.0,
0,Sacramento,2014,28.0,9.0,0.32142857142857145,0.13675213675213677,0.25,0.4444444444444444,0.38461538461538464,0.13675213675213677,0.25,0.23931623931623933,0.2857142857142857,0.0,,0.0,
0,Sacramento,2015,46.0,23.0,0.5,0.08205128205128205,0.25,0.4717948717948718,0.6521739130434783,0.14358974358974358,0.42857142857142855,0.22564102564102564,0.36363636363636365,0.020512820512820513,,0.0,
0,Sacramento,2016,41.0,24.0,0.5853658536585366,0.20769230769230768,0.5555555555555556,0.41538461538461535,0.6666666666666666,0.1846153846153846,0.5,0.0923076923076923,0.25,0.04615384615384615,1.0,0.0,
0,Sacramento,2017,2.0,2.0,1.0,0.0,,0.46153846153846156,1.0,0.0,,0.46153846153846156,1.0,0.0,,0.0,
0,San Antonio,2007,135.0,53.0,0.3925925925925926,0.0,,0.1744397334948516,0.3333333333333333,0.0145366444579043,0.5,0.1744397334948516,0.25,0.6032707450030285,0.4457831325301205,0.0145366444579043,0.5
0,San Antonio,2008,127.0,59.0,0.4645669291338583,0.0,,0.25597931480284425,0.5151515151515151,0.6360698125404008,0.45121951219512196,0.08532643826761474,0.45454545454545453,0.007756948933419522,,0.0,
0,San Antonio,2009,106.0,34.0,0.32075471698113206,0.0,,0.2123076923076923,0.21739130434782608,0.4246153846153846,0.2826086956521739,0.24000000000000002,0.4230769230769231,0.10153846153846155,0.45454545454545453,0.0,
0,San Antonio,2010,81.0,33.0,0.4074074074074074,0.0,,0.19433198380566802,0.375,0.5708502024291499,0.40425531914893614,0.21862348178137653,0.4444444444444444,0.0,,0.0,
0,San Antonio,2013,82.0,39.0,0.47560975609756095,0.0,,0.1678321678321678,0.5714285714285714,0.6473526473526473,0.4444444444444444,0.13186813186813187,0.5454545454545454,0.023976023976023976,0.5,0.011988011988011988,
0,San Antonio,2014,107.0,52.0,0.48598130841121495,0.0,,0.24242424242424243,0.38461538461538464,0.6247086247086248,0.5671641791044776,0.13053613053613053,0.2857142857142857,0.0,,0.0,
0,San Antonio,2015,101.0,45.0,0.44554455445544555,0.0,,0.19639934533551556,0.45,0.6481178396072014,0.4393939393939394,0.13747954173486088,0.42857142857142855,0.009819967266775777,1.0,0.0,
0,San Antonio,2016,150.0,72.0,0.48,0.0,,0.24222585924713586,0.5405405405405406,0.5826513911620295,0.4606741573033708,0.11129296235679215,0.4117647058823529,0.04582651391162029,0.5714285714285714,0.0,
0,San Bernardino,2012,45.0,20.0,0.4444444444444444,0.02146690518783542,1.0,0.3434704830053667,0.6875,0.47227191413237923,0.3181818181818182,0.08586762075134168,0.25,0.04293381037567084,,0.0,
0,San Bernardino,2013,46.0,33.0,0.717391304347826,0.0,,0.4405594405594406,0.8095238095238095,0.35664335664335667,0.6470588235294118,0.14685314685314685,0.5714285714285714,0.02097902097902098,1.0,0.0,
0,San Bernardino,2014,48.0,30.0,0.625,0.06153846153846154,0.3333333333333333,0.5333333333333333,0.6153846153846154,0.3076923076923077,0.7333333333333333,0.08205128205128205,0.5,0.0,,0.0,
0,San Bernardino,2015,46.0,37.0,0.8043478260869565,0.02097902097902098,1.0,0.37762237762237766,0.8333333333333334,0.3356643356643357,0.6875,0.1258741258741259,0.8333333333333334,0.1048951048951049,1.0,0.0,
0,San Bernardino,2016,66.0,39.0,0.5909090909090909,0.014888337468982629,1.0,0.4615384615384615,0.4838709677419355,0.3870967741935484,0.6923076923076923,0.08933002481389578,0.6666666666666666,0.029776674937965257,0.5,0.0,
0,San Bernardino,2017,39.0,24.0,0.6153846153846154,0.0,,0.4241164241164241,0.5882352941176471,0.44906444906444903,0.7222222222222222,0.09979209979209978,0.25,0.0,,0.0,
0,San Diego,2007,64.0,24.0,0.375,0.06153846153846154,0.5,0.2923076923076923,0.47368421052631576,0.4153846153846154,0.4074074074074074,0.2,0.15384615384615385,0.015384615384615385,,0.0,
0,San Diego,2008,55.0,22.0,0.4,0.05224963715529753,,0.3134978229317852,0.5555555555555556,0.3483309143686502,0.5,0.19158200290275762,0.09090909090909091,0.05224963715529753,0.3333333333333333,0.0,
0,San Diego,2009,43.0,19.0,0.4418604651162791,0.0675422138836773,1.0,0.2476547842401501,0.5454545454545454,0.29268292682926833,0.15384615384615385,0.3151969981238274,0.42857142857142855,0.0450281425891182,1.0,0.0,
0,San Diego,2010,29.0,11.0,0.3793103448275862,0.1273209549071618,0.5,0.1909814323607427,0.3333333333333333,0.2546419098143236,0.625,0.35013262599469497,0.18181818181818182,0.0,,0.0,
0,San Diego,2011,39.0,20.0,0.5128205128205128,0.07287449392712551,0.3333333333333333,0.3400809716599191,0.5,0.26720647773279355,0.6363636363636364,0.24291497975708504,0.4,0.024291497975708502,1.0,0.0,
0,San Diego,2012,50.0,16.0,0.32,0.1346153846153846,0.42857142857142855,0.38461538461538464,0.35,0.28846153846153844,0.3333333333333333,0.15384615384615385,0.125,0.0,,0.0,
0,San Diego,2013,41.0,16.0,0.3902439024390244,0.07100591715976332,,0.378698224852071,0.625,0.1893491124260355,0.375,0.3076923076923077,0.23076923076923078,0.023668639053254437,,0.0,
0,San Diego,2014,32.0,15.0,0.46875,0.08933002481389578,0.6666666666666666,0.23821339950372206,0.25,0.20843672456575682,0.5714285714285714,0.3870967741935484,0.5384615384615384,0.029776674937965257,,0.0,
0,San Diego,2015,40.0,13.0,0.325,0.048582995951417005,1.0,0.3400809716599191,0.42857142857142855,0.24291497975708504,0.3,0.31578947368421056,0.15384615384615385,0.024291497975708502,,0.0,
0,San Diego,2016,52.0,17.0,0.3269230769230769,0.09230769230769231,0.2,0.36923076923076925,0.3,0.2953846153846154,0.4375,0.2030769230769231,0.2727272727272727,0.0,,0.0,
0,San Diego,2017,35.0,18.0,0.5142857142857142,0.054298642533936646,0.5,0.24434389140271492,0.4444444444444444,0.27149321266968324,0.5,0.3529411764705882,0.5384615384615384,0.027149321266968323,1.0,0.0,
0,San Francisco,2007,106.0,71.0,0.6698113207547169,0.046620046620046623,0.6,0.5221445221445221,0.6607142857142857,0.24242424242424243,0.8461538461538461,0.13053613053613053,0.5,0.046620046620046623,0.4,0.0,
0,San Francisco,2008,102.0,60.0,0.5882352941176471,0.009615384615384616,,0.5,0.6730769230769231,0.23076923076923078,0.6666666666666666,0.16346153846153846,0.11764705882352941,0.07692307692307693,0.875,0.0,
0,San Francisco,2009,46.0,23.0,0.5,0.041025641025641026,0.5,0.4717948717948718,0.5217391304347826,0.20512820512820512,0.5,0.18461538461538463,0.4444444444444444,0.041025641025641026,0.5,0.0,
0,San Francisco,2010,51.0,29.0,0.5686274509803921,0.056514913657770796,0.3333333333333333,0.5839874411302982,0.7096774193548387,0.07535321821036106,0.5,0.20722135007849293,0.2727272727272727,0.03767660910518053,0.5,0.0,
0,San Francisco,2011,54.0,27.0,0.5,0.07100591715976332,0.25,0.4615384615384615,0.6538461538461539,0.14201183431952663,0.625,0.1952662721893491,0.2727272727272727,0.08875739644970414,0.2,0.0,
0,San Francisco,2012,73.0,32.0,0.4383561643835616,0.09364548494983277,,0.5351170568561873,0.55,0.17391304347826086,0.46153846153846156,0.14715719063545152,0.2727272727272727,0.026755852842809364,0.5,0.0,
0,San Francisco,2013,48.0,23.0,0.4791666666666667,0.060200668896321065,,0.6421404682274248,0.53125,0.12040133779264213,0.5,0.12040133779264213,0.3333333333333333,0.020066889632107024,1.0,0.0,
0,San Francisco,2014,46.0,16.0,0.34782608695652173,0.06293706293706294,0.3333333333333333,0.5454545454545455,0.46153846153846156,0.14685314685314685,0.2857142857142857,0.16783216783216784,,0.04195804195804196,0.5,0.0,
0,San Francisco,2015,53.0,23.0,0.4339622641509434,0.0,,0.4343891402714932,0.375,0.19909502262443438,0.6363636363636364,0.27149321266968324,0.4,0.05429864253393665,0.3333333333333333,0.0,
0,San Francisco,2016,60.0,27.0,0.45,0.032388663967611336,1.0,0.582995951417004,0.5277777777777778,0.21052631578947367,0.23076923076923078,0.11336032388663968,0.2857142857142857,0.032388663967611336,0.5,0.0,
0,San Francisco,2017,57.0,30.0,0.5263157894736842,0.10069930069930069,0.5,0.40279720279720277,0.7083333333333334,0.21818181818181817,0.38461538461538464,0.16783216783216784,0.4,0.06713286713286713,0.25,0.0,
0,Savannah,2007,17.0,4.0,0.23529411764705882,0.0,,0.5429864253393665,0.3,0.0,,0.21719457013574658,0.25,0.0,,0.16289592760180993,
0,Savannah,2008,23.0,6.0,0.2608695652173913,0.0,,0.7972027972027973,0.2631578947368421,0.08391608391608392,,0.0,,0.0,,0.08391608391608392,0.5
0,Savannah,2009,21.0,12.0,0.5714285714285714,0.0,,0.8769230769230769,0.5789473684210527,0.0,,0.0923076923076923,0.5,0.0,,0.0,
0,Savannah,2010,16.0,6.0,0.375,0.0,,0.8,0.46153846153846156,0.0,,0.12307692307692308,,0.06153846153846154,,0.0,
0,Savannah,2011,26.0,14.0,0.5384615384615384,0.0,,0.5907692307692308,0.5625,0.0,,0.3323076923076923,0.4444444444444444,0.0,,0.036923076923076927,1.0
0,Savannah,2012,19.0,6.0,0.3157894736842105,0.0,,0.717948717948718,0.42857142857142855,0.0,,0.2564102564102564,,0.0,,0.0,
0,Savannah,2013,22.0,10.0,0.45454545454545453,0.0,,0.8351648351648352,0.5263157894736842,0.08791208791208792,,0.04395604395604396,,0.0,,0.0,
0,Savannah,2014,26.0,15.0,0.5769230769230769,0.0,,0.7753846153846154,0.6190476190476191,0.0,,0.18461538461538463,0.4,0.0,,0.0,
0,Savannah,2015,44.0,26.0,0.5909090909090909,0.0,,0.7252747252747253,0.5454545454545454,0.02197802197802198,1.0,0.15384615384615385,0.7142857142857143,0.0,,0.06593406593406594,0.6666666666666666
0,Savannah,2016,39.0,22.0,0.5641025641025641,0.0,,0.8232848232848232,0.5757575757575758,0.0,,0.14968814968814967,0.5,0.0,,0.0,
0,Savannah,2017,4.0,2.0,0.5,0.0,,0.46153846153846156,1.0,0.0,,0.46153846153846156,,0.0,,0.0,
0,St. Louis,2007,150.0,78.0,0.52,0.0,,0.9032967032967033,0.5036496350364964,0.013186813186813187,0.5,0.07252747252747253,0.7272727272727273,0.0,,0.0,
0,St. Louis,2008,180.0,87.0,0.48333333333333334,0.0,,0.8843850760018425,0.48125,0.0055274067250115156,,0.09949332105020728,0.5555555555555556,0.0055274067250115156,,0.0,
0,St. Louis,2009,157.0,69.0,0.4394904458598726,0.006322444678609062,,0.8788198103266597,0.45323741007194246,0.018967334035827187,0.3333333333333333,0.08851422550052687,0.35714285714285715,0.0,,0.0,
0,St. Louis,2010,153.0,67.0,0.43790849673202614,0.0,,0.8710725893824485,0.44776119402985076,0.026002166847237267,0.5,0.09100758396533044,0.2857142857142857,0.006500541711809317,1.0,0.0,
0,St. Louis,2011,122.0,50.0,0.4098360655737705,0.008168822328114363,,0.8740639891082369,0.4205607476635514,0.008168822328114363,,0.10619469026548672,0.38461538461538464,0.0,,0.0,
0,St. Louis,2012,120.0,54.0,0.45,0.0,,0.9148351648351649,0.4594594594594595,0.016483516483516484,0.5,0.057692307692307696,0.2857142857142857,0.0,,0.0,
0,St. Louis,2013,129.0,63.0,0.4883720930232558,0.02288620470438652,0.3333333333333333,0.8620470438652256,0.5132743362831859,0.015257469802924348,1.0,0.0839160839160839,0.18181818181818182,0.0,,0.0,
0,St. Louis,2014,173.0,104.0,0.6011560693641619,0.005769230769230769,1.0,0.8999999999999999,0.6153846153846154,0.011538461538461537,,0.08076923076923076,0.5,0.0,,0.0,
0,St. Louis,2015,201.0,131.0,0.6517412935323383,0.0,,0.913151364764268,0.6902173913043478,0.0,,0.0794044665012407,0.1875,0.004962779156327543,1.0,0.0,
0,St. Louis,2016,202.0,129.0,0.6386138613861386,0.0,,0.8543371522094927,0.6609195402298851,0.019639934533551555,0.75,0.11783960720130933,0.4583333333333333,0.0,,0.0,
0,St. Louis,2017,217.0,148.0,0.6820276497695853,0.0,,0.9322162985529322,0.6715686274509803,0.004569687738004569,1.0,0.05026656511805026,0.8181818181818182,0.004569687738004569,1.0,0.0,
0,Stockton,2007,31.0,14.0,0.45161290322580644,0.06153846153846154,0.5,0.27692307692307694,0.3333333333333333,0.49230769230769234,0.625,0.12307692307692308,,0.0,,0.0,
0,Stockton,2008,24.0,9.0,0.375,0.12040133779264213,0.6666666666666666,0.2006688963210702,0.4,0.5618729096989966,0.2857142857142857,0.0802675585284281,0.5,0.0,,0.0,
0,Stockton,2009,35.0,27.0,0.7714285714285715,0.08144796380090497,1.0,0.16289592760180993,0.8333333333333334,0.5701357466063348,0.7142857142857143,0.10859728506787329,0.75,0.027149321266968323,1.0,0.0,
0,Stockton,2010,53.0,26.0,0.49056603773584906,0.036923076923076927,,0.2953846153846154,0.6875,0.5353846153846155,0.5172413793103449,0.09230769230769231,,0.018461538461538463,,0.0,
0,Stockton,2011,61.0,38.0,0.6229508196721312,0.11140583554376657,0.7142857142857143,0.3183023872679045,0.45,0.4456233421750663,0.7857142857142857,0.0636604774535809,0.25,0.03183023872679045,0.5,0.0,
0,Stockton,2012,74.0,45.0,0.6081081081081081,0.14301191765980498,0.8181818181818182,0.29902491874322856,0.5217391304347826,0.41603466955579627,0.65625,0.06500541711809317,0.6,0.026002166847237267,,0.013001083423618633,
0,Stockton,2013,34.0,20.0,0.5882352941176471,0.028846153846153848,,0.40384615384615385,0.5714285714285714,0.375,0.6153846153846154,0.08653846153846155,0.3333333333333333,0.08653846153846155,1.0,0.0,
0,Stockton,2014,51.0,34.0,0.6666666666666666,0.018838304552590265,,0.3767660910518053,0.6,0.43328100470957615,0.8260869565217391,0.09419152276295133,0.2,0.03767660910518053,1.0,0.0,
0,Stockton,2015,50.0,32.0,0.64,0.0,,0.46153846153846156,0.7083333333333334,0.38461538461538464,0.6,0.09615384615384616,0.4,0.019230769230769232,1.0,0.0,
0,Stockton,2016,51.0,40.0,0.7843137254901961,0.03767660910518053,0.5,0.28257456828885397,0.8,0.41444270015698587,0.8181818181818182,0.1695447409733124,0.6666666666666666,0.056514913657770796,1.0,0.0,
0,Tampa,2010,30.0,10.0,0.3333333333333333,0.0,,0.46153846153846156,0.07142857142857142,0.09890109890109891,0.3333333333333333,0.4285714285714286,0.6153846153846154,0.0,,0.0,
0,Tampa,2012,23.0,14.0,0.6086956521739131,0.0,,0.4414715719063545,0.45454545454545453,0.0802675585284281,1.0,0.4013377926421404,0.7,0.0,,0.0,
0,Tampa,2013,28.0,13.0,0.4642857142857143,0.0,,0.6837606837606838,0.5,0.10256410256410256,0.6666666666666666,0.17094017094017094,0.2,0.0,,0.0,
0,Tampa,2014,29.0,13.0,0.4482758620689655,0.0,,0.6593406593406593,0.45,0.16483516483516483,0.2,0.13186813186813187,0.75,0.0,,0.0,
0,Tampa,2015,36.0,21.0,0.5833333333333334,0.0,,0.7873303167420814,0.5172413793103449,0.10859728506787329,0.75,0.08144796380090497,1.0,0.0,,0.0,
0,Tampa,2016,30.0,11.0,0.36666666666666664,0.0,,0.7002652519893899,0.36363636363636365,0.09549071618037135,0.6666666666666666,0.15915119363395225,0.2,0.0,,0.0,
0,Tampa,2017,41.0,18.0,0.43902439024390244,0.0,,0.6863905325443787,0.5172413793103449,0.023668639053254437,1.0,0.2603550295857988,0.18181818181818182,0.0,,0.0,
0,Tulsa,2007,71.0,21.0,0.29577464788732394,0.0,,0.4546498277841562,0.3333333333333333,0.027554535017221587,0.5,0.48220436280137774,0.2571428571428571,0.013777267508610793,,0.0,
0,Tulsa,2008,59.0,20.0,0.3389830508474576,0.0,,0.39560439560439564,0.375,0.09890109890109891,0.3333333333333333,0.4285714285714286,0.3076923076923077,0.049450549450549455,0.3333333333333333,0.0,
0,Tulsa,2009,72.0,20.0,0.2777777777777778,0.0,,0.5373134328358209,0.2564102564102564,0.055109070034443174,0.5,0.399540757749713,0.27586206896551724,0.0,,0.0,
0,Tulsa,2010,64.0,24.0,0.375,0.0,,0.6307692307692307,0.43902439024390244,0.06153846153846154,0.5,0.27692307692307694,0.2222222222222222,0.015384615384615385,,0.0,
0,Tulsa,2011,57.0,24.0,0.42105263157894735,0.017094017094017096,1.0,0.5128205128205128,0.5333333333333333,0.05128205128205128,0.3333333333333333,0.358974358974359,0.2857142857142857,0.017094017094017096,,0.017094017094017096,
0,Tulsa,2012,45.0,12.0,0.26666666666666666,0.0,,0.6153846153846154,0.35714285714285715,0.04395604395604396,0.5,0.3076923076923077,0.07142857142857142,0.02197802197802198,,0.0,
0,Tulsa,2013,67.0,21.0,0.31343283582089554,0.014652014652014652,,0.4542124542124542,0.2903225806451613,0.0,,0.4542124542124542,0.3548387096774194,0.05860805860805861,0.25,0.0,
0,Tulsa,2014,53.0,17.0,0.32075471698113206,0.0,,0.36923076923076925,0.3,0.24000000000000002,0.5384615384615384,0.2953846153846154,0.1875,0.055384615384615386,0.3333333333333333,0.018461538461538463,
0,Tulsa,2015,57.0,19.0,0.3333333333333333,0.0,,0.5128205128205128,0.43333333333333335,0.08547008547008547,,0.358974358974359,0.2857142857142857,0.017094017094017096,,0.0,
0,Tulsa,2016,74.0,27.0,0.36486486486486486,0.013186813186813187,,0.38241758241758245,0.4482758620689655,0.05274725274725275,0.75,0.44835164835164837,0.23529411764705882,0.07912087912087913,0.5,0.0,
0,Tulsa,2017,1.0,1.0,1.0,0.0,,0.0,,0.0,,0.9230769230769231,1.0,0.0,,0.0,
0,Washington,2007,195.0,83.0,0.4256410256410256,0.01019974500637484,0.5,0.9281767955801105,0.42857142857142855,0.04589885252868678,0.4444444444444444,0.01019974500637484,,0.0,,0.0,
0,Washington,2008,199.0,81.0,0.40703517587939697,0.004962779156327543,1.0,0.8833746898263027,0.4101123595505618,0.05459057071960298,0.2727272727272727,0.034739454094292806,0.2857142857142857,0.009925558312655087,1.0,0.0,
0,Washington,2009,155.0,68.0,0.43870967741935485,0.0,,0.9230769230769231,0.4375,0.0641025641025641,0.5,0.0,,0.00641025641025641,,0.0,
0,Washington,2010,141.0,55.0,0.3900709219858156,0.027972027972027972,0.25,0.8741258741258742,0.4,0.04895104895104895,0.5714285714285714,0.02097902097902098,,0.013986013986013986,,0.0,
0,Washington,2011,116.0,36.0,0.3103448275862069,0.008547008547008548,1.0,0.8974358974358975,0.3047619047619048,0.05128205128205128,0.3333333333333333,0.017094017094017096,,0.017094017094017096,0.5,0.0,
0,Washington,2012,94.0,40.0,0.425531914893617,0.02097902097902098,,0.9125874125874126,0.4367816091954023,0.02097902097902098,0.5,0.03146853146853147,0.3333333333333333,0.0,,0.0,
0,Washington,2013,111.0,53.0,0.4774774774774775,0.01775147928994083,0.5,0.8609467455621301,0.44329896907216493,0.01775147928994083,0.5,0.08875739644970414,0.8,0.0,,0.0,
0,Washington,2014,113.0,51.0,0.45132743362831856,0.008791208791208791,1.0,0.9318681318681319,0.4716981132075472,0.035164835164835165,,0.017582417582417582,,0.0,,0.0,
0,Washington,2015,174.0,89.0,0.5114942528735632,0.0,,0.9002849002849003,0.5253164556962026,0.05128205128205128,0.6666666666666666,0.039886039886039885,,0.0,,0.0,
0,Washington,2016,145.0,79.0,0.5448275862068965,0.006837606837606838,,0.9094017094017094,0.5639097744360902,0.03418803418803419,0.4,0.041025641025641026,0.3333333333333333,0.0,,0.0,
0,,,,,,,,,,,,,,,,,
0,,,,,,,,,,,,,,,,,
0,,,,,,,,,,,,,,,,,
0,,,,,,,,,,,,,,,,,
0,,,,,,,,,,,,,,,,,
0,,,,,,,,,,,,,,,,,
0,,,,,,,,,,,,,,,,,
0,,,,,,,,,,,,,,,,,
0,,,,,,,,,,,,,,,,,
0,,,,,,,,,,,,,,,,,
0,,,,,,,,,,,,,,,,,
0,,,,,,,,,,,,,,,,,
0,,,,,,,,,,,,,,,,,
0,,,,,,,,,,,,,,,,,
0,,,,,,,,,,,,,,,,,
0,,,,,,,,,,,,,,,,,
0,,,,,,,,,,,,,,,,,
0,,,,,,,,,,,,,,,,,
0,,,,,,,,,,,,,,,,,
0,,,,,,,,,,,,,,,,,
0,,,,,,,,,,,,,,,,,
0,,,,,,,,,,,,,,,,,
0,,,,,,,,,,,,,,,,,
0,,,,,,,,,,,,,,,,,
0,,,,,,,,,,,,,,,,,
0,,,,,,,,,,,,,,,,,
0,,,,,,,,,,,,,,,,,
0,,,,,,,,,,,,,,,,,
0,,,,,,,,,,,,,,,,,
0,,,,,,,,,,,,,,,,,
0,,,,,,,,,,,,,,,,,
0,,,,,,,,,,,,,,,,,
0,,,,,,,,,,,,,,,,,
0,,,,,,,,,,,,,,,,,
0,,,,,,,,,,,,,,,,,
0,,,,,,,,,,,,,,,,,
0,,,,,,,,,,,,,,,,,
0,,,,,,,,,,,,,,,,,
0,,,,,,,,,,,,,,,,,
0,,,,,,,,,,,,,,,,,
0,,,,,,,,,,,,,,,,,
0,,,,,,,,,,,,,,,,,
0,,,,,,,,,,,,,,,,,
0,,,,,,,,,,,,,,,,,
0,,,,,,,,,,,,,,,,,
0,,,,,,,,,,,,,,,,,
0,,,,,,,,,,,,,,,,,
0,,,,,,,,,,,,,,,,,
0,,,,,,,,,,,,,,,,,
